sequence_id,sequence_name,label,insert_start,insert_end,insert_length,matched,matched_hit_count,best_hit_start,best_hit_end,best_hit_length,best_overlap_bp,best_overlap_fraction_hit,best_overlap_fraction_insert,best_score,hseeker_pred_by_overlap,hseeker_score
HDNA0001,pAA32,forming,55516,55547,32,True,1,55510,55553,44,32,0.7272727272727273,1.0,139.95,True,139.95
HDNA0002,pGG32,forming,210838,210869,32,True,1,210838,210869,32,32,1.0,1.0,152.55,True,152.55
HDNA0003,pAG32,forming,223664,223695,32,True,1,223664,223695,32,32,1.0,1.0,119.235,True,119.235
HDNA0004,pTG32,forming,251054,251085,32,True,1,251054,251085,32,32,1.0,1.0,119.235,True,119.235
HDNA0005,pAC32,forming,267741,267772,32,True,1,267741,267772,32,32,1.0,1.0,119.235,True,119.235
HDNA0006,pGT32,forming,365649,365680,32,True,1,365649,365680,32,32,1.0,1.0,119.235,True,119.235
HDNA0007,pGC32,forming,385595,385626,32,True,1,385595,385626,32,32,1.0,1.0,119.235,True,119.235
HDNA0008,pCG32,forming,584695,584726,32,True,1,584693,584728,36,32,0.8888888888888888,1.0,110.405,True,110.405
HDNA0009,pCT32,forming,662280,662311,32,True,1,662280,662311,32,32,1.0,1.0,119.235,True,119.235
HDNA0010,pAT32,forming,670632,670663,32,True,1,670632,670663,32,32,1.0,1.0,119.235,True,119.235
HDNA0011,pTA32,forming,730616,730647,32,True,1,730616,730647,32,32,1.0,1.0,119.235,True,119.235
HDNA0012,pTT32,forming,779361,779392,32,True,1,779361,779392,32,32,1.0,1.0,119.235,True,119.235
HDNA0013,pCC32,forming,787357,787388,32,True,1,787357,787388,32,32,1.0,1.0,119.235,True,119.235
HDNA0014,pGA32,forming,812732,812763,32,True,1,812731,812764,34,32,0.9411764705882353,1.0,128.065,True,128.065
HDNA0015,pCA32,forming,858850,858881,32,True,1,858848,858883,36,32,0.8888888888888888,1.0,136.895,True,136.895
HDNA0016,pTC32,forming,861272,861303,32,True,1,861272,861303,32,32,1.0,1.0,119.235,True,119.235
HDNA0017,Con-2,forming,935425,935477,53,True,1,935432,935460,29,29,1.0,0.5471698113207547,136.18,True,136.18
HDNA0018,H/CT,forming,1048683,1048735,53,True,1,1048690,1048718,29,29,1.0,0.5471698113207547,132.41,True,132.41
HDNA0019,H/Ri,forming,1172147,1172199,53,True,1,1172154,1172182,29,29,1.0,0.5471698113207547,132.41,True,132.41
HDNA0020,GA/CT,non-forming,1305928,1305980,53,False,0,,,,0,0.0,0.0,nan,False,nan
HDNA0021,ΔCT/Ri,non-forming,1341044,1341093,50,False,0,,,,0,0.0,0.0,nan,False,nan
HDNA0022,R1 (H-DNA buffer),forming,1614808,1614843,36,True,1,1614808,1614830,23,23,1.0,0.6388888888888888,92.03,True,92.03
HDNA0023,R2 (H-DNA buffer),forming,1669782,1669817,36,True,1,1669793,1669819,27,25,0.9259259259259259,0.6944444444444444,92.03,True,92.03
HDNA0024,R2-3′ (H-DNA buffer),forming,1808029,1808074,46,True,1,1808042,1808064,23,23,1.0,0.5,92.03,True,92.03
HDNA0025,R2-5′ (H-DNA buffer),forming,1835961,1836006,46,True,1,1835984,1836006,23,23,1.0,0.5,92.03,True,92.03
HDNA0026,R2-ino,non-forming,1851128,1851163,36,True,1,1851141,1851163,23,23,1.0,0.6388888888888888,92.03,True,92.03
HDNA0027,H-33,forming,1874402,1874434,33,True,1,1874409,1874431,23,23,1.0,0.696969696969697,92.03,True,92.03
HDNA0028,B-33,non-forming,1913757,1913789,33,False,0,,,,0,0.0,0.0,nan,False,nan
HDNA0029,"pCON (S1, pH 4.5)",non-forming,1953742,1953772,31,False,0,,,,0,0.0,0.0,nan,False,nan
HDNA0030,"pcMyc (S1, pH 4.5)",forming,1954863,1954885,23,True,1,1954863,1954885,23,23,1.0,1.0,92.03,True,92.03
HDNA0031,"pMycAG (S1, pH 4.5)",non-forming,2056396,2056418,23,False,0,,,,0,0.0,0.0,nan,False,nan
HDNA0032,GG32 (30-nt version),forming,2221079,2221108,30,True,1,2221079,2221108,30,30,1.0,1.0,139.95,True,139.95
HDNA0033,AG32 (30-nt version),forming,2309261,2309290,30,True,1,2309261,2309290,30,30,1.0,1.0,106.635,True,106.635
HDNA0034,MYCAA,forming,2333131,2333153,23,True,1,2333130,2333154,25,23,0.92,1.0,90.145,True,90.145
HDNA0035,GG32-long,forming,2335833,2335874,42,True,1,2335838,2335869,32,32,1.0,0.7619047619047619,152.55,True,152.55
HDNA0036,Mycm1,non-forming,2429805,2429826,22,False,0,,,,0,0.0,0.0,nan,False,nan
HDNA0037,MycM2,non-forming,2461622,2461643,22,False,0,,,,0,0.0,0.0,nan,False,nan
HDNA0038,GA-rich_Lyamichev-Mirkin-Frank-Kamenetskii,forming,2825846,2825888,43,True,1,2825844,2825890,47,43,0.9148936170212766,1.0,179.04,True,179.04
HDNA0039,(dG)n-(dC)n_Lyamichev-Mirkin-Frank-Kamenetskii,forming,2856558,2856602,45,True,1,2856563,2856594,32,32,1.0,0.7111111111111111,171.4,True,171.4
HDNA0040,TC18/AG18_Htun-Dahlberg,forming,2887684,2887741,58,True,1,2887690,2887732,43,43,1.0,0.7413793103448276,175.985,True,175.985
HDNA0041,pRW1704,forming,3013770,3013796,27,True,1,3013766,3013798,33,27,0.8181818181818182,1.0,103.44,True,103.44
HDNA0042,pRW1412,forming,3036074,3036100,27,True,1,3036075,3036100,26,26,1.0,0.9629629629629629,86.495,True,86.495
HDNA0043,pRW1415,forming,3177863,3177889,27,True,1,3177864,3177889,26,26,1.0,0.9629629629629629,95.325,True,95.325
HDNA0044,pRW1402,forming,3189575,3189598,24,True,1,3189575,3189597,23,23,1.0,0.9583333333333334,77.665,True,77.665
HDNA0045,pRW1702 (also pRW1701),forming,3521725,3521751,27,True,1,3521724,3521753,30,27,0.9,1.0,94.61,True,94.61
HDNA0046,pRW1712,forming,3541901,3541929,29,True,1,3541901,3541930,30,29,0.9666666666666667,1.0,116.04,True,116.04
HDNA0047,pRW1713,forming,3547740,3547770,31,True,1,3547738,3547773,36,31,0.8611111111111112,1.0,104.155,True,104.155
HDNA0048,pRW1714,forming,3770863,3770895,33,True,1,3770864,3770895,32,32,1.0,0.9696969696969697,92.725,True,92.725
HDNA0049,pRW1404,forming,3856593,3856616,24,True,1,3856591,3856617,27,24,0.8888888888888888,1.0,123.58,True,123.58
HDNA0050,pRW1411,forming,4241909,4241932,24,True,1,4241907,4241932,26,24,0.9230769230769231,1.0,109.69,True,109.69
HDNA0051,pRW1408,forming,4500913,4500936,24,True,1,4500913,4500938,26,24,0.9230769230769231,1.0,114.75,True,114.75
HDNA0052,pRW1410,forming,4574030,4574053,24,True,1,4574031,4574057,27,23,0.8518518518518519,0.9583333333333334,87.785,True,87.785
HDNA0053,pRW1405,non-forming,4577620,4577639,20,True,1,4577618,4577641,24,20,0.8333333333333334,1.0,83.3,True,83.3
HDNA0054,poly-(dC)30,forming,4633626,4633655,30,True,1,4633624,4633655,32,30,0.9375,1.0,184.0,True,184.0
