sequence_id,sequence_name,label,insert_start,insert_end,insert_length,hseeker_overlap_pred,hseeker_score,hseeker_score_pred_youden,triplex_overlap_pred,triplex_score,hseeker_best_hit_start,hseeker_best_hit_end,triplex_best_hit_start,triplex_best_hit_end
HDNA0001,pAA32,forming,55516,55547,32,True,139.95,True,True,29.0,55510,55553,55515,55548
HDNA0002,pGG32,forming,210838,210869,32,True,152.55,True,True,28.0,210838,210869,210838,210869
HDNA0003,pAG32,forming,223664,223695,32,True,119.235,True,True,27.0,223664,223695,223664,223695
HDNA0004,pTG32,forming,251054,251085,32,True,119.235,True,False,nan,251054,251085,,
HDNA0005,pAC32,forming,267741,267772,32,True,119.235,True,False,nan,267741,267772,,
HDNA0006,pGT32,forming,270437,270468,32,True,119.235,True,False,nan,270437,270468,,
HDNA0007,pGC32,forming,365681,365712,32,True,119.235,True,False,nan,365681,365712,,
HDNA0008,pCG32,forming,385627,385658,32,True,119.235,True,False,nan,385627,385658,,
HDNA0009,pCT32,forming,470498,470529,32,True,119.235,True,False,nan,470498,470529,,
HDNA0010,pAT32,forming,584759,584790,32,True,119.235,True,False,nan,584759,584790,,
HDNA0011,pTA32,forming,600288,600319,32,True,131.835,True,False,nan,600287,600320,,
HDNA0012,pTT32,forming,662376,662407,32,True,119.235,True,False,nan,662376,662407,,
HDNA0013,pCC32,forming,670728,670759,32,True,119.235,True,False,nan,670728,670759,,
HDNA0014,pGA32,forming,730712,730743,32,True,119.235,True,True,27.0,730712,730743,730712,730743
HDNA0015,pCA32,forming,779457,779488,32,True,119.235,True,False,nan,779456,779489,,
HDNA0016,pTC32,forming,787453,787484,32,True,119.235,True,False,nan,787453,787484,,
HDNA0017,Con-2,forming,812828,812880,53,True,136.18,True,False,nan,812835,812863,,
HDNA0018,H/CT,forming,848827,848879,53,True,132.41,True,False,nan,848834,848862,,
HDNA0019,H/Ri,forming,859020,859072,53,True,132.41,True,False,nan,859027,859055,,
HDNA0020,GA/CT,non-forming,861463,861515,53,False,nan,False,False,nan,,,,
HDNA0021,ΔCT/Ri,non-forming,935637,935686,50,False,nan,False,False,nan,,,,
HDNA0022,R1 (H-DNA buffer),forming,1048892,1048927,36,True,92.03,True,False,nan,1048892,1048914,,
HDNA0023,R2 (H-DNA buffer),forming,1172339,1172374,36,True,92.03,True,False,nan,1172352,1172374,,
HDNA0024,R2-3′ (H-DNA buffer),forming,1306103,1306148,46,True,92.03,True,False,nan,1306116,1306138,,
HDNA0025,R2-5′ (H-DNA buffer),forming,1341212,1341257,46,True,92.03,True,False,nan,1341235,1341257,,
HDNA0026,R2-ino,non-forming,1366380,1366415,36,True,92.03,True,False,nan,1366393,1366415,,
HDNA0027,H-33,forming,1372694,1372726,33,True,92.03,True,False,nan,1372701,1372723,,
HDNA0028,B-33,non-forming,1437623,1437655,33,False,nan,False,False,nan,,,,
HDNA0029,"pCON (S1, pH 4.5)",non-forming,1615074,1615104,31,False,nan,False,False,nan,,,,
HDNA0030,"pcMyc (S1, pH 4.5)",forming,1670043,1670065,23,True,92.03,True,False,nan,1670041,1670067,,
HDNA0031,"pMycAG (S1, pH 4.5)",non-forming,1759567,1759589,23,False,nan,False,False,nan,,,,
HDNA0032,GG32 (30-nt version),forming,1808300,1808329,30,True,139.95,True,True,26.0,1808300,1808329,1808300,1808329
HDNA0033,AG32 (30-nt version),forming,1836216,1836245,30,True,106.635,True,False,nan,1836216,1836245,,
HDNA0034,MYCAA,forming,1844443,1844465,23,True,92.03,True,False,nan,1844441,1844467,,
HDNA0035,GG32-long,forming,1851390,1851431,42,True,152.55,True,True,28.0,1851395,1851426,1851395,1851426
HDNA0036,Mycm1,non-forming,1874670,1874691,22,False,nan,False,False,nan,,,,
HDNA0037,MycM2,non-forming,1914014,1914035,22,False,nan,False,False,nan,,,,
HDNA0038,GA-rich_Lyamichev-Mirkin-Frank-Kamenetskii,forming,1923681,1923723,43,True,179.04,True,True,38.0,1923681,1923723,1923681,1923723
HDNA0039,(dG)n-(dC)n_Lyamichev-Mirkin-Frank-Kamenetskii,forming,1954031,1954075,45,True,171.4,True,True,28.0,1954036,1954067,1954038,1954070
HDNA0040,TC18/AG18_Htun-Dahlberg,forming,1955166,1955223,58,True,175.985,True,True,37.0,1955172,1955214,1955173,1955213
HDNA0041,pRW1704,forming,2056055,2056081,27,True,137.47,True,False,nan,2056054,2056083,,
HDNA0042,pRW1412,forming,2056761,2056787,27,True,99.095,True,False,nan,2056761,2056788,,
HDNA0043,pRW1415,forming,2221448,2221474,27,True,95.325,True,False,nan,2221449,2221474,,
HDNA0044,pRW1402,forming,2242086,2242109,24,True,90.265,True,False,nan,2242086,2242110,,
HDNA0045,pRW1702 (also pRW1701),forming,2248511,2248537,27,True,116.04,True,False,nan,2248510,2248539,,
HDNA0046,pRW1712,forming,2267051,2267079,29,True,85.78,True,False,nan,2267047,2267081,,
HDNA0047,pRW1713,forming,2309707,2309737,31,True,107.21,True,False,nan,2309704,2309738,,
HDNA0048,pRW1714,forming,2333578,2333610,33,True,114.155,True,True,26.0,2333575,2333611,2333575,2333611
HDNA0049,pRW1404,forming,2334469,2334492,24,True,93.32,True,False,nan,2334467,2334491,,
HDNA0050,pRW1411,forming,2336314,2336337,24,True,143.72,True,False,nan,2336311,2336338,,
HDNA0051,pRW1408,forming,2430268,2430291,24,True,102.15,True,False,nan,2430266,2430291,,
HDNA0052,pRW1410,forming,2462087,2462110,24,True,112.27,True,False,nan,2462084,2462110,,
HDNA0053,pRW1405,non-forming,2648965,2648984,20,True,65.64,False,False,nan,2648963,2648984,,
HDNA0054,poly-(dC)30,forming,2723054,2723083,30,True,184.0,True,True,26.0,2723052,2723085,2723054,2723083
HDNA0055,GA32,forming,2826363,2826392,30,True,119.235,True,True,27.0,2826361,2826394,2826362,2826393
HDNA0056,AA32,forming,2857062,2857091,30,True,136.18,True,True,26.0,2857062,2857091,2857062,2857091
HDNA0057,cMYC_NHE_Hisey2024,forming,2888173,2888196,24,True,76.375,True,False,nan,2888174,2888194,,
HDNA0058,cMYC_NSE_ACCCTCCCC4,forming,2983114,2983149,36,True,83.915,True,False,nan,2983126,2983151,,
HDNA0059,BCL6_ClusterII_Pu,forming,3014261,3014284,24,True,134.89,True,False,nan,3014259,3014286,,
HDNA0060,FXN_GAA10,forming,3036562,3036591,30,True,137.47,True,True,28.0,3036560,3036591,3036559,3036592
HDNA0061,FXN_GAA20,forming,3063412,3063471,60,True,288.77,True,True,56.0,3063409,3063472,3063413,3063471
HDNA0062,FXN_GAA33,forming,3108341,3108439,99,True,500.59,True,True,58.0,3108335,3108446,3108341,3108401
HDNA0063,FXN_GAA66,forming,3178513,3178710,198,True,972.15,True,True,58.0,3178495,3178726,3178513,3178573
HDNA0064,CANVAS_AAGGG10,forming,3186437,3186486,50,True,263.47,True,True,47.0,3186437,3186488,3186434,3186486
HDNA0065,XDP_CCCTCT10,forming,3190446,3190505,60,True,313.87,True,True,57.0,3190438,3190510,3190444,3190504
HDNA0066,CTC20_mouse,forming,3192174,3192214,41,True,209.3,True,True,40.0,3192170,3192216,3192173,3192215
HDNA0067,CTC16_mouse,forming,3368700,3368732,33,True,153.84,True,True,37.0,3368695,3368737,3368697,3368739
HDNA0068,TCCTC10_mouse,forming,3522706,3522755,50,True,238.27,True,True,46.0,3522706,3522759,3522706,3522754
HDNA0069,AG11_model,forming,3542905,3542926,22,True,114.75,True,False,nan,3542903,3542927,,
HDNA0070,GA20_SV40,forming,3548737,3548776,40,True,197.415,True,True,41.0,3548734,3548780,3548735,3548779
HDNA0071,PKD1_PyRE_CT44,forming,3771869,3771956,88,True,445.03,True,True,58.0,3771862,3771964,3771869,3771929
HDNA0072,GA16_sea_urchin_histone,forming,3807200,3807231,32,True,145.01,True,True,30.0,3807197,3807231,3807199,3807231
HDNA0073,GAAA10_human,forming,3857686,3857725,40,True,190.45,True,True,38.0,3857684,3857728,3857686,3857726
HDNA0074,GGAA10_human,forming,3881510,3881549,40,True,200.47,True,True,36.0,3881508,3881549,3881510,3881551
HDNA0075,SV40_GACT22,forming,4243058,4243101,44,True,221.9,True,True,42.0,4243055,4243103,4243057,4243101
HDNA0076,TC17_Glover,forming,4484565,4484598,34,True,175.27,True,True,32.0,4484562,4484602,4484565,4484599
HDNA0077,TTCCC20_avian,forming,4502116,4502215,100,True,540.77,True,True,58.0,4502112,4502221,4502116,4502177
HDNA0078,gamma_globin_228_189,forming,4575309,4575345,37,False,nan,False,False,nan,,,,
HDNA0079,PKD1_46bp_mirror,forming,4578912,4578957,46,True,218.845,True,True,42.0,4578911,4578961,4578912,4578956
HDNA0080,G10TTAA_AG5,forming,4634944,4634967,24,False,nan,False,False,nan,,,,
