sequence_id,sequence_name,label,insert_start,insert_end,insert_length,matched,matched_hit_count,best_hit_start,best_hit_end,best_hit_length,best_overlap_bp,best_overlap_fraction_hit,best_overlap_fraction_insert,best_score,triplex_pred_by_overlap,triplex_score
HDNA0001,pAA32,forming,55516,55547,32,True,2,55515,55548,34,32,0.9411764705882353,1.0,29.0,True,29.0
HDNA0002,pGG32,forming,210838,210869,32,True,2,210838,210869,32,32,1.0,1.0,28.0,True,28.0
HDNA0003,pAG32,forming,223664,223695,32,True,1,223664,223695,32,32,1.0,1.0,27.0,True,27.0
HDNA0004,pTG32,forming,251054,251085,32,False,0,,,,0,0.0,0.0,nan,False,nan
HDNA0005,pAC32,forming,267741,267772,32,False,0,,,,0,0.0,0.0,nan,False,nan
HDNA0006,pGT32,forming,270437,270468,32,False,0,,,,0,0.0,0.0,nan,False,nan
HDNA0007,pGC32,forming,365681,365712,32,False,0,,,,0,0.0,0.0,nan,False,nan
HDNA0008,pCG32,forming,385627,385658,32,False,0,,,,0,0.0,0.0,nan,False,nan
HDNA0009,pCT32,forming,470498,470529,32,False,0,,,,0,0.0,0.0,nan,False,nan
HDNA0010,pAT32,forming,584759,584790,32,False,0,,,,0,0.0,0.0,nan,False,nan
HDNA0011,pTA32,forming,600288,600319,32,False,0,,,,0,0.0,0.0,nan,False,nan
HDNA0012,pTT32,forming,662376,662407,32,False,0,,,,0,0.0,0.0,nan,False,nan
HDNA0013,pCC32,forming,670728,670759,32,False,0,,,,0,0.0,0.0,nan,False,nan
HDNA0014,pGA32,forming,730712,730743,32,True,1,730712,730743,32,32,1.0,1.0,27.0,True,27.0
HDNA0015,pCA32,forming,779457,779488,32,False,0,,,,0,0.0,0.0,nan,False,nan
HDNA0016,pTC32,forming,787453,787484,32,False,0,,,,0,0.0,0.0,nan,False,nan
HDNA0017,Con-2,forming,812828,812880,53,False,0,,,,0,0.0,0.0,nan,False,nan
HDNA0018,H/CT,forming,848827,848879,53,False,0,,,,0,0.0,0.0,nan,False,nan
HDNA0019,H/Ri,forming,859020,859072,53,False,0,,,,0,0.0,0.0,nan,False,nan
HDNA0020,GA/CT,non-forming,861463,861515,53,False,0,,,,0,0.0,0.0,nan,False,nan
HDNA0021,ΔCT/Ri,non-forming,935637,935686,50,False,0,,,,0,0.0,0.0,nan,False,nan
HDNA0022,R1 (H-DNA buffer),forming,1048892,1048927,36,False,0,,,,0,0.0,0.0,nan,False,nan
HDNA0023,R2 (H-DNA buffer),forming,1172339,1172374,36,False,0,,,,0,0.0,0.0,nan,False,nan
HDNA0024,R2-3′ (H-DNA buffer),forming,1306103,1306148,46,False,0,,,,0,0.0,0.0,nan,False,nan
HDNA0025,R2-5′ (H-DNA buffer),forming,1341212,1341257,46,False,0,,,,0,0.0,0.0,nan,False,nan
HDNA0026,R2-ino,non-forming,1366380,1366415,36,False,0,,,,0,0.0,0.0,nan,False,nan
HDNA0027,H-33,forming,1372694,1372726,33,False,0,,,,0,0.0,0.0,nan,False,nan
HDNA0028,B-33,non-forming,1437623,1437655,33,False,0,,,,0,0.0,0.0,nan,False,nan
HDNA0029,"pCON (S1, pH 4.5)",non-forming,1615074,1615104,31,False,0,,,,0,0.0,0.0,nan,False,nan
HDNA0030,"pcMyc (S1, pH 4.5)",forming,1670043,1670065,23,False,0,,,,0,0.0,0.0,nan,False,nan
HDNA0031,"pMycAG (S1, pH 4.5)",non-forming,1759567,1759589,23,False,0,,,,0,0.0,0.0,nan,False,nan
HDNA0032,GG32 (30-nt version),forming,1808300,1808329,30,True,2,1808300,1808329,30,30,1.0,1.0,26.0,True,26.0
HDNA0033,AG32 (30-nt version),forming,1836216,1836245,30,False,0,,,,0,0.0,0.0,nan,False,nan
HDNA0034,MYCAA,forming,1844443,1844465,23,False,0,,,,0,0.0,0.0,nan,False,nan
HDNA0035,GG32-long,forming,1851390,1851431,42,True,2,1851395,1851426,32,32,1.0,0.7619047619047619,28.0,True,28.0
HDNA0036,Mycm1,non-forming,1874670,1874691,22,False,0,,,,0,0.0,0.0,nan,False,nan
HDNA0037,MycM2,non-forming,1914014,1914035,22,False,0,,,,0,0.0,0.0,nan,False,nan
HDNA0038,GA-rich_Lyamichev-Mirkin-Frank-Kamenetskii,forming,1923681,1923723,43,True,4,1923681,1923723,43,43,1.0,1.0,38.0,True,38.0
HDNA0039,(dG)n-(dC)n_Lyamichev-Mirkin-Frank-Kamenetskii,forming,1954031,1954075,45,True,2,1954038,1954070,33,33,1.0,0.7333333333333333,28.0,True,28.0
HDNA0040,TC18/AG18_Htun-Dahlberg,forming,1955166,1955223,58,True,4,1955173,1955213,41,41,1.0,0.7068965517241379,37.0,True,37.0
HDNA0041,pRW1704,forming,2056055,2056081,27,False,0,,,,0,0.0,0.0,nan,False,nan
HDNA0042,pRW1412,forming,2056761,2056787,27,False,0,,,,0,0.0,0.0,nan,False,nan
HDNA0043,pRW1415,forming,2221448,2221474,27,False,0,,,,0,0.0,0.0,nan,False,nan
HDNA0044,pRW1402,forming,2242086,2242109,24,False,0,,,,0,0.0,0.0,nan,False,nan
HDNA0045,pRW1702 (also pRW1701),forming,2248511,2248537,27,False,0,,,,0,0.0,0.0,nan,False,nan
HDNA0046,pRW1712,forming,2267051,2267079,29,False,0,,,,0,0.0,0.0,nan,False,nan
HDNA0047,pRW1713,forming,2309707,2309737,31,False,0,,,,0,0.0,0.0,nan,False,nan
HDNA0048,pRW1714,forming,2333578,2333610,33,True,1,2333575,2333611,37,33,0.8918918918918919,1.0,26.0,True,26.0
HDNA0049,pRW1404,forming,2334469,2334492,24,False,0,,,,0,0.0,0.0,nan,False,nan
HDNA0050,pRW1411,forming,2336314,2336337,24,False,0,,,,0,0.0,0.0,nan,False,nan
HDNA0051,pRW1408,forming,2430268,2430291,24,False,0,,,,0,0.0,0.0,nan,False,nan
HDNA0052,pRW1410,forming,2462087,2462110,24,False,0,,,,0,0.0,0.0,nan,False,nan
HDNA0053,pRW1405,non-forming,2648965,2648984,20,False,0,,,,0,0.0,0.0,nan,False,nan
HDNA0054,poly-(dC)30,forming,2723054,2723083,30,True,2,2723054,2723083,30,30,1.0,1.0,26.0,True,26.0
HDNA0055,GA32,forming,2826363,2826392,30,True,1,2826362,2826393,32,30,0.9375,1.0,27.0,True,27.0
HDNA0056,AA32,forming,2857062,2857091,30,True,2,2857062,2857091,30,30,1.0,1.0,26.0,True,26.0
HDNA0057,cMYC_NHE_Hisey2024,forming,2888173,2888196,24,False,0,,,,0,0.0,0.0,nan,False,nan
HDNA0058,cMYC_NSE_ACCCTCCCC4,forming,2983114,2983149,36,False,0,,,,0,0.0,0.0,nan,False,nan
HDNA0059,BCL6_ClusterII_Pu,forming,3014261,3014284,24,False,0,,,,0,0.0,0.0,nan,False,nan
HDNA0060,FXN_GAA10,forming,3036562,3036591,30,True,2,3036559,3036592,34,30,0.8823529411764706,1.0,28.0,True,28.0
HDNA0061,FXN_GAA20,forming,3063412,3063471,60,True,3,3063413,3063471,59,59,1.0,0.9833333333333333,56.0,True,56.0
HDNA0062,FXN_GAA33,forming,3108341,3108439,99,True,3,3108341,3108401,61,61,1.0,0.6161616161616161,58.0,True,58.0
HDNA0063,FXN_GAA66,forming,3178513,3178710,198,True,2,3178513,3178573,61,61,1.0,0.30808080808080807,58.0,True,58.0
HDNA0064,CANVAS_AAGGG10,forming,3186437,3186486,50,True,3,3186434,3186486,53,50,0.9433962264150944,1.0,47.0,True,47.0
HDNA0065,XDP_CCCTCT10,forming,3190446,3190505,60,True,7,3190444,3190504,61,59,0.9672131147540983,0.9833333333333333,57.0,True,57.0
HDNA0066,CTC20_mouse,forming,3192174,3192214,41,True,5,3192173,3192215,43,41,0.9534883720930233,1.0,40.0,True,40.0
HDNA0067,CTC16_mouse,forming,3368700,3368732,33,True,4,3368697,3368739,43,33,0.7674418604651163,1.0,37.0,True,37.0
HDNA0068,TCCTC10_mouse,forming,3522706,3522755,50,True,4,3522706,3522754,49,49,1.0,0.98,46.0,True,46.0
HDNA0069,AG11_model,forming,3542905,3542926,22,False,0,,,,0,0.0,0.0,nan,False,nan
HDNA0070,GA20_SV40,forming,3548737,3548776,40,True,6,3548735,3548779,45,40,0.8888888888888888,1.0,41.0,True,41.0
HDNA0071,PKD1_PyRE_CT44,forming,3771869,3771956,88,True,9,3771869,3771929,61,61,1.0,0.6931818181818182,58.0,True,58.0
HDNA0072,GA16_sea_urchin_histone,forming,3807200,3807231,32,True,4,3807199,3807231,33,32,0.9696969696969697,1.0,30.0,True,30.0
HDNA0073,GAAA10_human,forming,3857686,3857725,40,True,2,3857686,3857726,41,40,0.975609756097561,1.0,38.0,True,38.0
HDNA0074,GGAA10_human,forming,3881510,3881549,40,True,2,3881510,3881551,42,40,0.9523809523809523,1.0,36.0,True,36.0
HDNA0075,SV40_GACT22,forming,4243058,4243101,44,True,4,4243057,4243101,45,44,0.9777777777777777,1.0,42.0,True,42.0
HDNA0076,TC17_Glover,forming,4484565,4484598,34,True,4,4484565,4484599,35,34,0.9714285714285714,1.0,32.0,True,32.0
HDNA0077,TTCCC20_avian,forming,4502116,4502215,100,True,4,4502116,4502177,62,62,1.0,0.62,58.0,True,58.0
HDNA0078,gamma_globin_228_189,forming,4575309,4575345,37,False,0,,,,0,0.0,0.0,nan,False,nan
HDNA0079,PKD1_46bp_mirror,forming,4578912,4578957,46,True,6,4578912,4578956,45,45,1.0,0.9782608695652174,42.0,True,42.0
HDNA0080,G10TTAA_AG5,forming,4634944,4634967,24,False,0,,,,0,0.0,0.0,nan,False,nan
