spacer_length,arm_length,hit_count
0,10,11779
0,11,7424
0,12,5422
0,13,3817
0,14,2450
0,15,1625
0,16,936
0,17,429
0,18,154
0,20,352
0,21,266
0,22,184
0,23,125
0,24,99
0,25,69
0,26,59
0,27,35
0,28,11
0,30,59
0,31,41
0,32,26
0,33,41
0,34,26
0,35,31
0,36,20
0,37,15
0,38,7
0,40,13
0,41,19
0,42,19
0,43,20
0,44,6
0,45,10
0,46,12
0,47,2
0,48,3
0,50,8
0,51,5
0,52,1
0,53,2
0,54,5
0,55,5
0,56,3
0,57,2
0,58,2
0,60,5
0,62,4
0,63,3
0,65,1
0,71,1
0,73,1
0,75,1
0,76,3
0,87,1
0,88,1
0,91,2
0,100,1
0,107,1
1,10,9931
1,11,5390
1,12,3250
1,13,2146
1,14,1426
1,15,916
1,16,525
1,17,280
1,18,120
1,20,387
1,21,257
1,22,202
1,23,175
1,24,121
1,25,95
1,26,74
1,27,58
1,28,17
1,30,74
1,31,63
1,32,38
1,33,44
1,34,47
1,35,32
1,36,25
1,37,22
1,38,13
1,40,29
1,41,40
1,42,34
1,43,30
1,44,21
1,45,20
1,46,11
1,47,12
1,48,4
1,50,21
1,51,15
1,52,13
1,53,8
1,54,14
1,55,9
1,56,4
1,57,5
1,58,3
1,60,3
1,61,8
1,62,8
1,63,3
1,64,4
1,65,4
1,66,3
1,67,2
1,68,1
1,70,1
1,71,2
1,72,2
1,74,2
1,75,2
1,76,3
1,77,2
1,78,2
1,81,3
1,82,1
1,83,3
1,90,2
1,92,2
1,101,2
1,102,2
1,103,1
1,105,1
1,106,1
1,185,1
2,10,2575
2,11,1182
2,12,609
2,13,369
2,14,237
2,15,149
2,16,91
2,17,36
2,18,13
2,20,63
2,21,41
2,22,34
2,23,15
2,24,18
2,25,13
2,26,6
2,27,3
2,28,3
2,30,6
2,31,2
2,32,7
2,33,10
2,34,3
2,35,2
2,36,2
2,37,2
2,38,1
2,40,3
2,41,2
2,42,4
2,43,3
2,44,2
2,45,1
2,46,1
2,51,1
2,52,1
2,55,1
2,58,1
2,62,1
2,64,1
2,68,1
2,92,1
3,10,2721
3,11,1262
3,12,582
3,13,330
3,14,206
3,15,143
3,16,73
3,17,37
3,18,14
3,20,61
3,21,50
3,22,37
3,23,30
3,24,13
3,25,20
3,26,11
3,27,8
3,28,6
3,30,3
3,31,8
3,32,7
3,33,2
3,34,9
3,35,3
3,36,2
3,37,1
3,40,3
3,41,2
3,42,3
3,45,2
3,46,2
3,50,1
3,51,3
3,52,2
3,53,1
3,55,1
3,62,2
3,70,1
3,75,1
3,76,1
3,82,1
3,87,1
4,10,2009
4,11,845
4,12,364
4,13,168
4,14,107
4,15,60
4,16,31
4,17,18
4,18,5
4,20,29
4,21,28
4,22,15
4,23,12
4,24,10
4,25,2
4,26,5
4,28,1
4,30,7
4,31,4
4,35,4
4,40,5
4,43,2
4,44,2
4,50,1
4,52,1
4,55,1
4,60,2
4,62,1
4,76,1
4,86,1
4,94,1
4,102,1
5,10,2400
5,11,881
5,12,404
5,13,226
5,14,120
5,15,59
5,16,33
5,17,14
5,20,23
5,21,22
5,22,10
5,23,10
5,24,6
5,25,8
5,26,3
5,27,2
5,30,3
5,31,6
5,32,2
5,33,3
5,34,1
5,35,5
5,36,1
5,40,1
5,41,1
5,42,1
5,44,1
5,46,1
6,10,1870
6,11,734
6,12,301
6,13,162
6,14,91
6,15,56
6,16,24
6,17,14
6,18,5
6,20,20
6,21,17
6,22,19
6,23,12
6,24,10
6,25,4
6,26,3
6,27,3
6,28,1
6,30,4
6,31,4
6,32,2
6,33,1
6,34,1
6,35,1
6,36,1
6,40,1
6,41,2
6,44,2
6,48,1
6,52,1
7,10,1893
7,11,775
7,12,371
7,13,176
7,14,111
7,15,60
7,16,43
7,17,16
7,18,4
7,20,35
7,21,25
7,22,21
7,23,17
7,24,3
7,25,10
7,26,10
7,27,1
7,30,9
7,31,4
7,32,5
7,33,4
7,34,1
7,35,1
7,36,2
7,37,1
7,40,3
7,41,3
7,42,1
7,43,1
7,45,1
7,50,1
7,52,1
7,53,2
7,54,1
7,60,1
7,62,1
7,80,1
7,90,1
8,10,1672
8,11,624
8,12,272
8,13,134
8,14,80
8,15,45
8,16,26
8,17,9
8,18,2
8,20,29
8,21,18
8,22,14
8,23,12
8,24,6
8,25,3
8,26,2
8,27,2
8,30,8
8,31,2
8,32,3
8,33,3
8,34,1
8,35,1
8,40,1
8,46,1
8,50,1
8,51,1
8,73,1
9,10,1764
9,11,648
9,12,266
9,13,136
9,14,81
9,15,59
9,16,16
9,17,6
9,18,3
9,20,19
9,21,24
9,22,7
9,23,12
9,24,11
9,25,4
9,26,1
9,27,1
9,30,2
9,31,7
9,32,1
9,33,1
9,34,1
9,35,2
9,40,1
9,41,1
9,42,1
9,44,2
9,52,2
9,64,1
9,70,1
10,10,1574
10,11,574
10,12,225
10,13,114
10,14,58
10,15,29
10,16,25
10,17,7
10,18,9
10,20,21
10,21,24
10,22,8
10,23,5
10,24,9
10,25,4
10,26,3
10,28,1
10,30,1
10,31,5
10,32,2
10,33,60
10,35,1
10,43,1
10,44,1
10,50,1
10,55,1
10,73,1
