sequence_id,sequence_name,label,method,minrep,maxrep,maxspacer,purity,mismatch,gate_window,gate_search_limit,best_score,predicted_forming_at_60,best_arm_length,best_spacer_length,best_ga_pct,best_ct_pct,best_mirror_identity,num_raw_hits,num_final_hits,inner_iterations,ctr_sp_pairs,skipped_invalid_kmax,skipped_purity_prefilter,gate_passed,runtime_sec,correct
HDNA0001,pAA32,forming,original,10,1000,10,0.9,0.1,,,148.78,True,15,2,100.0,0.0,93.333336,5,1,1041,88,0,0,0,6.133411079645157e-05,True
HDNA0002,pGG32,forming,original,10,1000,10,0.9,0.1,,,152.55,True,15,2,100.0,0.0,93.333336,5,1,1041,88,0,0,0,3.77078540623188e-05,True
HDNA0003,pAG32,forming,original,10,1000,10,0.9,0.1,,,119.235,True,14,4,100.0,0.0,92.85714,4,1,1041,88,0,0,0,2.3999717086553574e-05,True
HDNA0004,pTG32,forming,original,10,1000,10,0.9,0.1,,,119.235,True,14,4,100.0,0.0,92.85714,4,1,1041,88,0,0,0,1.9833911210298538e-05,True
HDNA0005,pAC32,forming,original,10,1000,10,0.9,0.1,,,119.235,True,14,4,92.857147,7.142858,92.85714,4,1,1041,88,0,0,0,1.9583851099014282e-05,True
HDNA0006,pGT32,forming,original,10,1000,10,0.9,0.1,,,119.235,True,14,4,92.857147,7.142858,92.85714,4,1,1041,88,0,0,0,2.1792016923427582e-05,True
HDNA0007,pGC32,forming,original,10,1000,10,0.9,0.1,,,119.235,True,14,4,92.857147,7.142858,92.85714,4,1,1041,88,0,0,0,2.0708423107862473e-05,True
HDNA0008,pCG32,forming,original,10,1000,10,0.9,0.1,,,119.235,True,14,4,100.0,0.0,92.85714,4,1,1041,88,0,0,0,1.8625054508447647e-05,True
HDNA0009,pCT32,forming,original,10,1000,10,0.9,0.1,,,119.235,True,14,4,92.857147,7.142858,92.85714,4,1,1041,88,0,0,0,1.7458107322454453e-05,True
HDNA0010,pAT32,forming,original,10,1000,10,0.9,0.1,,,119.235,True,14,4,92.857147,7.142858,92.85714,4,1,1041,88,0,0,0,1.6499776393175125e-05,True
HDNA0011,pTA32,forming,original,10,1000,10,0.9,0.1,,,119.235,True,14,4,100.0,0.0,92.85714,4,1,1041,88,0,0,0,2.0333100110292435e-05,True
HDNA0012,pTT32,forming,original,10,1000,10,0.9,0.1,,,119.235,True,15,2,93.333344,6.666667,93.333336,5,1,1041,88,0,0,0,2.512522041797638e-05,True
HDNA0013,pCC32,forming,original,10,1000,10,0.9,0.1,,,119.235,True,15,2,93.333344,6.666667,93.333336,5,1,1041,88,0,0,0,2.008303999900818e-05,True
HDNA0014,pGA32,forming,original,10,1000,10,0.9,0.1,,,119.235,True,14,4,100.0,0.0,92.85714,4,1,1041,88,0,0,0,2.1041836589574814e-05,True
HDNA0015,pCA32,forming,original,10,1000,10,0.9,0.1,,,119.235,True,14,4,100.0,0.0,92.85714,4,1,1041,88,0,0,0,2.2458843886852264e-05,True
HDNA0016,pTC32,forming,original,10,1000,10,0.9,0.1,,,119.235,True,14,4,92.857147,7.142858,92.85714,4,1,1041,88,0,0,0,1.933285966515541e-05,True
HDNA0017,Con-2,forming,original,10,1000,10,0.9,0.1,,,136.18,True,14,1,7.142858,92.857147,100.0,7,1,5372,319,0,0,0,2.6292167603969574e-05,True
HDNA0018,H/CT,forming,original,10,1000,10,0.9,0.1,,,132.41,True,14,1,7.142858,92.857147,100.0,11,1,5372,319,0,0,0,2.5750137865543365e-05,True
HDNA0019,H/Ri,forming,original,10,1000,10,0.9,0.1,,,132.41,True,14,1,7.142858,92.857147,100.0,11,1,5372,319,0,0,0,2.237502485513687e-05,True
HDNA0020,GA/CT,non-forming,original,10,1000,10,0.9,0.1,,,0.0,False,,,,,,0,0,5372,319,0,0,0,1.0041054338216782e-05,True
HDNA0021,ΔCT/Ri,non-forming,original,10,1000,10,0.9,0.1,,,0.0,False,,,,,,0,0,4605,286,0,0,0,8.624978363513947e-06,True
HDNA0022,R1 (H-DNA buffer),forming,original,10,1000,10,0.9,0.1,,,0.0,False,,,,,,0,0,1679,132,0,0,0,5.207955837249756e-06,False
HDNA0023,R2 (H-DNA buffer),forming,original,10,1000,10,0.9,0.1,,,0.0,False,,,,,,0,0,1679,132,0,0,0,5.084089934825897e-06,False
HDNA0024,R2-3′ (H-DNA buffer),forming,original,10,1000,10,0.9,0.1,,,0.0,False,,,,,,0,0,3659,242,0,0,0,7.457565516233444e-06,False
HDNA0025,R2-5′ (H-DNA buffer),forming,original,10,1000,10,0.9,0.1,,,0.0,False,,,,,,0,0,3659,242,0,0,0,7.333233952522278e-06,False
HDNA0026,R2-ino,non-forming,original,10,1000,10,0.9,0.1,,,0.0,False,,,,,,0,0,1679,132,0,0,0,5.8747828006744385e-06,True
HDNA0027,H-33,forming,original,10,1000,10,0.9,0.1,,,0.0,False,,,,,,0,0,1192,99,0,0,0,5.6247226893901825e-06,False
HDNA0028,B-33,non-forming,original,10,1000,10,0.9,0.1,,,0.0,False,,,,,,0,0,1192,99,0,0,0,5.5409036576747894e-06,True
HDNA0029,"pCON (S1, pH 4.5)",non-forming,original,10,1000,10,0.9,0.1,,,0.0,False,,,,,,0,0,895,77,0,0,0,6.750226020812988e-06,True
HDNA0030,"pcMyc (S1, pH 4.5)",forming,original,10,1000,10,0.9,0.1,,,0.0,False,,,,,,0,0,103,10,0,0,0,4.125293344259262e-06,False
HDNA0031,"pMycAG (S1, pH 4.5)",non-forming,original,10,1000,10,0.9,0.1,,,0.0,False,,,,,,0,0,103,10,0,0,0,4.125293344259262e-06,True
HDNA0032,GG32 (30-nt version),forming,original,10,1000,10,0.9,0.1,,,139.95,True,14,2,100.0,0.0,92.85714,5,1,755,66,0,0,0,2.5665853172540665e-05,True
HDNA0033,AG32 (30-nt version),forming,original,10,1000,10,0.9,0.1,,,106.635,True,13,4,100.0,0.0,92.307693,4,1,755,66,0,0,0,2.4707987904548645e-05,True
HDNA0034,MYCAA,forming,original,10,1000,10,0.9,0.1,,,0.0,False,,,,,,0,0,103,10,0,0,0,4.416797310113907e-06,False
HDNA0035,GG32-long,forming,original,10,1000,10,0.9,0.1,,,152.55,True,15,2,100.0,0.0,93.333336,5,1,2801,198,0,0,0,1.979200169444084e-05,True
HDNA0036,Mycm1,non-forming,original,10,1000,10,0.9,0.1,,,0.0,False,,,,,,0,0,61,6,0,0,0,3.4156255424022675e-06,True
HDNA0037,MycM2,non-forming,original,10,1000,10,0.9,0.1,,,0.0,False,,,,,,0,0,61,6,0,0,0,3.2079406082630157e-06,True
HDNA0038,GA-rich_Lyamichev-Mirkin-Frank-Kamenetskii,forming,original,10,1000,10,0.9,0.1,,,179.04,True,21,1,100.0,0.0,90.476189,70,1,3007,209,0,0,0,3.024982288479805e-05,True
HDNA0039,(dG)n-(dC)n_Lyamichev-Mirkin-Frank-Kamenetskii,forming,original,10,1000,10,0.9,0.1,,,171.4,True,16,0,0.0,100.0,93.75,110,1,3436,231,0,0,0,3.254087641835213e-05,True
HDNA0040,TC18/AG18_Htun-Dahlberg,forming,original,10,1000,10,0.9,0.1,,,175.985,True,21,1,0.0,100.0,90.476189,95,1,6761,374,0,0,0,3.5624951124191284e-05,True
HDNA0041,pRW1704,forming,original,10,1000,10,0.9,0.1,,,124.87,True,13,0,100.0,0.0,100.0,12,1,394,36,0,0,0,3.154110163450241e-05,True
HDNA0042,pRW1412,forming,original,10,1000,10,0.9,0.1,,,86.495,True,13,0,92.307701,7.692308,92.307693,5,1,394,36,0,0,0,2.3041851818561554e-05,True
HDNA0043,pRW1415,forming,original,10,1000,10,0.9,0.1,,,95.325,True,13,0,92.307701,7.692308,92.307693,12,1,394,36,0,0,0,1.8292106688022614e-05,True
HDNA0044,pRW1402,forming,original,10,1000,10,0.9,0.1,,,77.665,True,11,1,100.0,0.0,90.909088,6,1,157,15,0,0,0,2.0541716367006302e-05,True
HDNA0045,pRW1702 (also pRW1701),forming,original,10,1000,10,0.9,0.1,,,103.44,True,12,2,100.0,0.0,91.666672,5,1,394,36,0,0,0,1.7333775758743286e-05,True
HDNA0046,pRW1712,forming,original,10,1000,10,0.9,0.1,,,103.44,True,12,4,100.0,0.0,91.666672,5,1,620,55,0,0,0,1.7249956727027893e-05,True
HDNA0047,pRW1713,forming,original,10,1000,10,0.9,0.1,,,92.725,True,12,6,100.0,0.0,91.666672,5,1,895,77,0,0,0,2.3082830011844635e-05,True
HDNA0048,pRW1714,forming,original,10,1000,10,0.9,0.1,,,92.725,True,12,8,100.0,0.0,91.666672,3,1,1192,99,0,0,0,2.0250212401151657e-05,True
HDNA0049,pRW1404,forming,original,10,1000,10,0.9,0.1,,,110.98,True,11,1,100.0,0.0,100.0,6,1,157,15,0,0,0,1.679128035902977e-05,True
HDNA0050,pRW1411,forming,original,10,1000,10,0.9,0.1,,,118.52,True,11,0,0.0,100.0,100.0,5,1,157,15,0,0,0,1.5709083527326584e-05,True
HDNA0051,pRW1408,forming,original,10,1000,10,0.9,0.1,,,110.98,True,11,0,0.0,100.0,100.0,4,1,157,15,0,0,0,2.0042061805725098e-05,True
HDNA0052,pRW1410,forming,original,10,1000,10,0.9,0.1,,,99.67,True,11,1,100.0,0.0,100.0,3,1,157,15,0,0,0,1.458311453461647e-05,True
HDNA0053,pRW1405,non-forming,original,10,1000,10,0.9,0.1,,,83.3,True,10,0,100.0,0.0,100.0,1,1,10,1,0,0,0,1.5667174011468887e-05,False
HDNA0054,poly-(dC)30,forming,original,10,1000,10,0.9,0.1,,,184.0,True,15,0,0.0,100.0,100.0,66,1,755,66,0,0,0,2.2999942302703857e-05,True
HDNA0001,pAA32,forming,fast_gated_exact_gate,10,1000,10,0.9,0.1,10,1000,148.78,True,15,2,100.0,0.0,93.333336,5,1,1102,88,0,0,6,3.39592806994915e-05,True
HDNA0002,pGG32,forming,fast_gated_exact_gate,10,1000,10,0.9,0.1,10,1000,152.55,True,15,2,100.0,0.0,93.333336,5,1,1102,88,0,0,6,2.258364111185074e-05,True
HDNA0003,pAG32,forming,fast_gated_exact_gate,10,1000,10,0.9,0.1,10,1000,119.235,True,14,4,100.0,0.0,92.85714,4,1,1104,88,0,0,6,2.1582935005426407e-05,True
HDNA0004,pTG32,forming,fast_gated_exact_gate,10,1000,10,0.9,0.1,10,1000,119.235,True,14,4,100.0,0.0,92.85714,4,1,1104,88,0,0,6,2.1999701857566833e-05,True
HDNA0005,pAC32,forming,fast_gated_exact_gate,10,1000,10,0.9,0.1,10,1000,119.235,True,14,4,92.857147,7.142858,92.85714,4,1,1104,88,0,0,6,2.787495031952858e-05,True
HDNA0006,pGT32,forming,fast_gated_exact_gate,10,1000,10,0.9,0.1,10,1000,119.235,True,14,4,92.857147,7.142858,92.85714,4,1,1104,88,0,0,6,1.837499439716339e-05,True
HDNA0007,pGC32,forming,fast_gated_exact_gate,10,1000,10,0.9,0.1,10,1000,119.235,True,14,4,92.857147,7.142858,92.85714,4,1,1104,88,0,0,6,1.7667189240455627e-05,True
HDNA0008,pCG32,forming,fast_gated_exact_gate,10,1000,10,0.9,0.1,10,1000,119.235,True,14,4,100.0,0.0,92.85714,4,1,1104,88,0,0,6,2.4042092263698578e-05,True
HDNA0009,pCT32,forming,fast_gated_exact_gate,10,1000,10,0.9,0.1,10,1000,119.235,True,14,4,92.857147,7.142858,92.85714,4,1,1104,88,0,0,6,2.1375250071287155e-05,True
HDNA0010,pAT32,forming,fast_gated_exact_gate,10,1000,10,0.9,0.1,10,1000,119.235,True,14,4,92.857147,7.142858,92.85714,4,1,1104,88,0,0,6,2.187490463256836e-05,True
HDNA0011,pTA32,forming,fast_gated_exact_gate,10,1000,10,0.9,0.1,10,1000,119.235,True,14,4,100.0,0.0,92.85714,4,1,1104,88,0,0,6,2.187490463256836e-05,True
HDNA0012,pTT32,forming,fast_gated_exact_gate,10,1000,10,0.9,0.1,10,1000,119.235,True,15,2,93.333344,6.666667,93.333336,5,1,1102,88,0,0,6,2.3624859750270844e-05,True
HDNA0013,pCC32,forming,fast_gated_exact_gate,10,1000,10,0.9,0.1,10,1000,119.235,True,15,2,93.333344,6.666667,93.333336,5,1,1102,88,0,0,6,1.8500257283449173e-05,True
HDNA0014,pGA32,forming,fast_gated_exact_gate,10,1000,10,0.9,0.1,10,1000,119.235,True,14,4,100.0,0.0,92.85714,4,1,1104,88,0,0,6,1.750001683831215e-05,True
HDNA0015,pCA32,forming,fast_gated_exact_gate,10,1000,10,0.9,0.1,10,1000,119.235,True,14,4,100.0,0.0,92.85714,4,1,1104,88,0,0,6,2.2332649677991867e-05,True
HDNA0016,pTC32,forming,fast_gated_exact_gate,10,1000,10,0.9,0.1,10,1000,119.235,True,14,4,92.857147,7.142858,92.85714,4,1,1104,88,0,0,6,2.1083280444145203e-05,True
HDNA0017,Con-2,forming,fast_gated_exact_gate,10,1000,10,0.9,0.1,10,1000,136.18,True,14,1,7.142858,92.857147,100.0,7,1,5552,319,0,0,14,3.9457809180021286e-05,True
HDNA0018,H/CT,forming,fast_gated_exact_gate,10,1000,10,0.9,0.1,10,1000,132.41,True,14,1,7.142858,92.857147,100.0,11,1,5482,319,0,0,11,3.0875205993652344e-05,True
HDNA0019,H/Ri,forming,fast_gated_exact_gate,10,1000,10,0.9,0.1,10,1000,132.41,True,14,1,7.142858,92.857147,100.0,11,1,5482,319,0,0,11,2.7334317564964294e-05,True
HDNA0020,GA/CT,non-forming,fast_gated_exact_gate,10,1000,10,0.9,0.1,10,1000,0.0,False,,,,,,0,0,5372,319,0,0,0,1.8124934285879135e-05,True
HDNA0021,ΔCT/Ri,non-forming,fast_gated_exact_gate,10,1000,10,0.9,0.1,10,1000,0.0,False,,,,,,0,0,4605,286,0,0,0,1.7416663467884064e-05,True
HDNA0022,R1 (H-DNA buffer),forming,fast_gated_exact_gate,10,1000,10,0.9,0.1,10,1000,0.0,False,,,,,,0,0,1679,132,0,0,0,8.415896445512772e-06,False
HDNA0023,R2 (H-DNA buffer),forming,fast_gated_exact_gate,10,1000,10,0.9,0.1,10,1000,0.0,False,,,,,,0,0,1679,132,0,0,0,8.082948625087738e-06,False
HDNA0024,R2-3′ (H-DNA buffer),forming,fast_gated_exact_gate,10,1000,10,0.9,0.1,10,1000,0.0,False,,,,,,0,0,3659,242,0,0,0,1.270882785320282e-05,False
HDNA0025,R2-5′ (H-DNA buffer),forming,fast_gated_exact_gate,10,1000,10,0.9,0.1,10,1000,0.0,False,,,,,,0,0,3659,242,0,0,0,1.2249685823917389e-05,False
HDNA0026,R2-ino,non-forming,fast_gated_exact_gate,10,1000,10,0.9,0.1,10,1000,0.0,False,,,,,,0,0,1679,132,0,0,0,6.750226020812988e-06,True
HDNA0027,H-33,forming,fast_gated_exact_gate,10,1000,10,0.9,0.1,10,1000,0.0,False,,,,,,0,0,1192,99,0,0,0,6.457790732383728e-06,False
HDNA0028,B-33,non-forming,fast_gated_exact_gate,10,1000,10,0.9,0.1,10,1000,0.0,False,,,,,,0,0,1192,99,0,0,0,5.833804607391357e-06,True
HDNA0029,"pCON (S1, pH 4.5)",non-forming,fast_gated_exact_gate,10,1000,10,0.9,0.1,10,1000,0.0,False,,,,,,0,0,895,77,0,0,0,6.708316504955292e-06,True
HDNA0030,"pcMyc (S1, pH 4.5)",forming,fast_gated_exact_gate,10,1000,10,0.9,0.1,10,1000,0.0,False,,,,,,0,0,103,10,0,0,0,4.00003045797348e-06,False
HDNA0031,"pMycAG (S1, pH 4.5)",non-forming,fast_gated_exact_gate,10,1000,10,0.9,0.1,10,1000,0.0,False,,,,,,0,0,103,10,0,0,0,3.832858055830002e-06,True
HDNA0032,GG32 (30-nt version),forming,fast_gated_exact_gate,10,1000,10,0.9,0.1,10,1000,139.95,True,14,2,100.0,0.0,92.85714,5,1,816,66,0,0,6,1.8292106688022614e-05,True
HDNA0033,AG32 (30-nt version),forming,fast_gated_exact_gate,10,1000,10,0.9,0.1,10,1000,106.635,True,13,4,100.0,0.0,92.307693,4,1,818,66,0,0,6,1.733284443616867e-05,True
HDNA0034,MYCAA,forming,fast_gated_exact_gate,10,1000,10,0.9,0.1,10,1000,0.0,False,,,,,,0,0,103,10,0,0,0,4.167202860116959e-06,False
HDNA0035,GG32-long,forming,fast_gated_exact_gate,10,1000,10,0.9,0.1,10,1000,152.55,True,15,2,100.0,0.0,93.333336,5,1,2862,198,0,0,6,2.4333130568265915e-05,True
HDNA0036,Mycm1,non-forming,fast_gated_exact_gate,10,1000,10,0.9,0.1,10,1000,0.0,False,,,,,,0,0,61,6,0,0,0,4.167202860116959e-06,True
HDNA0037,MycM2,non-forming,fast_gated_exact_gate,10,1000,10,0.9,0.1,10,1000,0.0,False,,,,,,0,0,61,6,0,0,0,4.00003045797348e-06,True
HDNA0038,GA-rich_Lyamichev-Mirkin-Frank-Kamenetskii,forming,fast_gated_exact_gate,10,1000,10,0.9,0.1,10,1000,179.04,True,21,1,100.0,0.0,90.476189,70,1,3707,209,0,0,70,2.9791612178087234e-05,True
HDNA0039,(dG)n-(dC)n_Lyamichev-Mirkin-Frank-Kamenetskii,forming,fast_gated_exact_gate,10,1000,10,0.9,0.1,10,1000,171.4,True,16,0,0.0,100.0,93.75,110,1,4536,231,0,0,110,3.2458920031785965e-05,True
HDNA0040,TC18/AG18_Htun-Dahlberg,forming,fast_gated_exact_gate,10,1000,10,0.9,0.1,10,1000,175.985,True,21,1,0.0,100.0,90.476189,95,1,7711,374,0,0,95,3.695907071232796e-05,True
HDNA0041,pRW1704,forming,fast_gated_exact_gate,10,1000,10,0.9,0.1,10,1000,124.87,True,13,0,100.0,0.0,100.0,12,1,514,36,0,0,12,1.7541926354169846e-05,True
HDNA0042,pRW1412,forming,fast_gated_exact_gate,10,1000,10,0.9,0.1,10,1000,86.495,True,13,0,92.307701,7.692308,92.307693,5,1,444,36,0,0,5,1.800013706088066e-05,True
HDNA0043,pRW1415,forming,fast_gated_exact_gate,10,1000,10,0.9,0.1,10,1000,95.325,True,13,0,92.307701,7.692308,92.307693,12,1,514,36,0,0,12,1.7583370208740234e-05,True
HDNA0044,pRW1402,forming,fast_gated_exact_gate,10,1000,10,0.9,0.1,10,1000,77.665,True,11,1,100.0,0.0,90.909088,6,1,217,15,0,0,6,1.5249941498041153e-05,True
HDNA0045,pRW1702 (also pRW1701),forming,fast_gated_exact_gate,10,1000,10,0.9,0.1,10,1000,103.44,True,12,2,100.0,0.0,91.666672,5,1,466,36,0,0,7,2.474989742040634e-05,True
HDNA0046,pRW1712,forming,fast_gated_exact_gate,10,1000,10,0.9,0.1,10,1000,103.44,True,12,4,100.0,0.0,91.666672,5,1,716,55,0,0,9,2.033403143286705e-05,True
HDNA0047,pRW1713,forming,fast_gated_exact_gate,10,1000,10,0.9,0.1,10,1000,92.725,True,12,6,100.0,0.0,91.666672,5,1,1017,77,0,0,11,1.8707942217588425e-05,True
HDNA0048,pRW1714,forming,fast_gated_exact_gate,10,1000,10,0.9,0.1,10,1000,92.725,True,12,8,100.0,0.0,91.666672,3,1,1322,99,0,0,11,1.8416903913021088e-05,True
HDNA0049,pRW1404,forming,fast_gated_exact_gate,10,1000,10,0.9,0.1,10,1000,110.98,True,11,1,100.0,0.0,100.0,6,1,217,15,0,0,6,1.579197123646736e-05,True
HDNA0050,pRW1411,forming,fast_gated_exact_gate,10,1000,10,0.9,0.1,10,1000,118.52,True,11,0,0.0,100.0,100.0,5,1,207,15,0,0,5,1.712515950202942e-05,True
HDNA0051,pRW1408,forming,fast_gated_exact_gate,10,1000,10,0.9,0.1,10,1000,110.98,True,11,0,0.0,100.0,100.0,4,1,197,15,0,0,4,1.4832708984613419e-05,True
HDNA0052,pRW1410,forming,fast_gated_exact_gate,10,1000,10,0.9,0.1,10,1000,99.67,True,11,1,100.0,0.0,100.0,3,1,187,15,0,0,3,1.6582664102315903e-05,True
HDNA0053,pRW1405,non-forming,fast_gated_exact_gate,10,1000,10,0.9,0.1,10,1000,83.3,True,10,0,100.0,0.0,100.0,1,1,20,1,0,0,1,1.4500226825475693e-05,False
HDNA0054,poly-(dC)30,forming,fast_gated_exact_gate,10,1000,10,0.9,0.1,10,1000,184.0,True,15,0,0.0,100.0,100.0,66,1,1415,66,0,0,66,2.587493509054184e-05,True
HDNA0001,pAA32,forming,fast_gated_fast_4x,10,1000,10,0.9,0.1,10,40,148.78,True,15,2,100.0,0.0,93.333336,5,1,1102,88,0,0,6,2.3832544684410095e-05,True
HDNA0002,pGG32,forming,fast_gated_fast_4x,10,1000,10,0.9,0.1,10,40,152.55,True,15,2,100.0,0.0,93.333336,5,1,1102,88,0,0,6,1.808302477002144e-05,True
HDNA0003,pAG32,forming,fast_gated_fast_4x,10,1000,10,0.9,0.1,10,40,119.235,True,14,4,100.0,0.0,92.85714,4,1,1104,88,0,0,6,1.8042046576738358e-05,True
HDNA0004,pTG32,forming,fast_gated_fast_4x,10,1000,10,0.9,0.1,10,40,119.235,True,14,4,100.0,0.0,92.85714,4,1,1104,88,0,0,6,2.3917295038700104e-05,True
HDNA0005,pAC32,forming,fast_gated_fast_4x,10,1000,10,0.9,0.1,10,40,119.235,True,14,4,92.857147,7.142858,92.85714,4,1,1104,88,0,0,6,2.1999701857566833e-05,True
HDNA0006,pGT32,forming,fast_gated_fast_4x,10,1000,10,0.9,0.1,10,40,119.235,True,14,4,92.857147,7.142858,92.85714,4,1,1104,88,0,0,6,2.4332664906978607e-05,True
HDNA0007,pGC32,forming,fast_gated_fast_4x,10,1000,10,0.9,0.1,10,40,119.235,True,14,4,92.857147,7.142858,92.85714,4,1,1104,88,0,0,6,2.0666047930717468e-05,True
HDNA0008,pCG32,forming,fast_gated_fast_4x,10,1000,10,0.9,0.1,10,40,119.235,True,14,4,100.0,0.0,92.85714,4,1,1104,88,0,0,6,2.11251899600029e-05,True
HDNA0009,pCT32,forming,fast_gated_fast_4x,10,1000,10,0.9,0.1,10,40,119.235,True,14,4,92.857147,7.142858,92.85714,4,1,1104,88,0,0,6,1.929188147187233e-05,True
HDNA0010,pAT32,forming,fast_gated_fast_4x,10,1000,10,0.9,0.1,10,40,119.235,True,14,4,92.857147,7.142858,92.85714,4,1,1104,88,0,0,6,1.8333084881305695e-05,True
HDNA0011,pTA32,forming,fast_gated_fast_4x,10,1000,10,0.9,0.1,10,40,119.235,True,14,4,100.0,0.0,92.85714,4,1,1104,88,0,0,6,2.0958948880434036e-05,True
HDNA0012,pTT32,forming,fast_gated_fast_4x,10,1000,10,0.9,0.1,10,40,119.235,True,15,2,93.333344,6.666667,93.333336,5,1,1102,88,0,0,6,2.27498821914196e-05,True
HDNA0013,pCC32,forming,fast_gated_fast_4x,10,1000,10,0.9,0.1,10,40,119.235,True,15,2,93.333344,6.666667,93.333336,5,1,1102,88,0,0,6,1.9249971956014633e-05,True
HDNA0014,pGA32,forming,fast_gated_fast_4x,10,1000,10,0.9,0.1,10,40,119.235,True,14,4,100.0,0.0,92.85714,4,1,1104,88,0,0,6,1.800013706088066e-05,True
HDNA0015,pCA32,forming,fast_gated_fast_4x,10,1000,10,0.9,0.1,10,40,119.235,True,14,4,100.0,0.0,92.85714,4,1,1104,88,0,0,6,1.712515950202942e-05,True
HDNA0016,pTC32,forming,fast_gated_fast_4x,10,1000,10,0.9,0.1,10,40,119.235,True,14,4,92.857147,7.142858,92.85714,4,1,1104,88,0,0,6,1.750001683831215e-05,True
HDNA0017,Con-2,forming,fast_gated_fast_4x,10,1000,10,0.9,0.1,10,40,136.18,True,14,1,7.142858,92.857147,100.0,7,1,4892,319,0,55,14,2.66246497631073e-05,True
HDNA0018,H/CT,forming,fast_gated_fast_4x,10,1000,10,0.9,0.1,10,40,132.41,True,14,1,7.142858,92.857147,100.0,11,1,4822,319,0,55,11,2.416735514998436e-05,True
HDNA0019,H/Ri,forming,fast_gated_fast_4x,10,1000,10,0.9,0.1,10,40,132.41,True,14,1,7.142858,92.857147,100.0,11,1,2211,319,0,187,11,2.0166859030723572e-05,True
HDNA0020,GA/CT,non-forming,fast_gated_fast_4x,10,1000,10,0.9,0.1,10,40,0.0,False,,,,,,0,0,4712,319,0,55,0,1.683272421360016e-05,True
HDNA0021,ΔCT/Ri,non-forming,fast_gated_fast_4x,10,1000,10,0.9,0.1,10,40,0.0,False,,,,,,0,0,0,286,0,286,0,5.499925464391708e-06,True
HDNA0022,R1 (H-DNA buffer),forming,fast_gated_fast_4x,10,1000,10,0.9,0.1,10,40,0.0,False,,,,,,0,0,1679,132,0,0,0,8.37491825222969e-06,False
HDNA0023,R2 (H-DNA buffer),forming,fast_gated_fast_4x,10,1000,10,0.9,0.1,10,40,0.0,False,,,,,,0,0,1679,132,0,0,0,8.292030543088913e-06,False
HDNA0024,R2-3′ (H-DNA buffer),forming,fast_gated_fast_4x,10,1000,10,0.9,0.1,10,40,0.0,False,,,,,,0,0,2658,242,0,77,0,1.0500196367502213e-05,False
HDNA0025,R2-5′ (H-DNA buffer),forming,fast_gated_fast_4x,10,1000,10,0.9,0.1,10,40,0.0,False,,,,,,0,0,3659,242,0,0,0,1.2332573533058167e-05,False
HDNA0026,R2-ino,non-forming,fast_gated_fast_4x,10,1000,10,0.9,0.1,10,40,0.0,False,,,,,,0,0,1679,132,0,0,0,6.916932761669159e-06,True
HDNA0027,H-33,forming,fast_gated_fast_4x,10,1000,10,0.9,0.1,10,40,0.0,False,,,,,,0,0,1192,99,0,0,0,6.875023245811462e-06,False
HDNA0028,B-33,non-forming,fast_gated_fast_4x,10,1000,10,0.9,0.1,10,40,0.0,False,,,,,,0,0,1192,99,0,0,0,6.00004568696022e-06,True
HDNA0029,"pCON (S1, pH 4.5)",non-forming,fast_gated_fast_4x,10,1000,10,0.9,0.1,10,40,0.0,False,,,,,,0,0,0,77,0,77,0,8.707866072654724e-06,True
HDNA0030,"pcMyc (S1, pH 4.5)",forming,fast_gated_fast_4x,10,1000,10,0.9,0.1,10,40,0.0,False,,,,,,0,0,103,10,0,0,0,4.250090569257736e-06,False
HDNA0031,"pMycAG (S1, pH 4.5)",non-forming,fast_gated_fast_4x,10,1000,10,0.9,0.1,10,40,0.0,False,,,,,,0,0,103,10,0,0,0,3.917142748832703e-06,True
HDNA0032,GG32 (30-nt version),forming,fast_gated_fast_4x,10,1000,10,0.9,0.1,10,40,139.95,True,14,2,100.0,0.0,92.85714,5,1,816,66,0,0,6,1.808302477002144e-05,True
HDNA0033,AG32 (30-nt version),forming,fast_gated_fast_4x,10,1000,10,0.9,0.1,10,40,106.635,True,13,4,100.0,0.0,92.307693,4,1,818,66,0,0,6,1.8834136426448822e-05,True
HDNA0034,MYCAA,forming,fast_gated_fast_4x,10,1000,10,0.9,0.1,10,40,0.0,False,,,,,,0,0,103,10,0,0,0,5.459412932395935e-06,False
HDNA0035,GG32-long,forming,fast_gated_fast_4x,10,1000,10,0.9,0.1,10,40,152.55,True,15,2,100.0,0.0,93.333336,5,1,2752,198,0,11,6,2.224976196885109e-05,True
HDNA0036,Mycm1,non-forming,fast_gated_fast_4x,10,1000,10,0.9,0.1,10,40,0.0,False,,,,,,0,0,61,6,0,0,0,4.3334439396858215e-06,True
HDNA0037,MycM2,non-forming,fast_gated_fast_4x,10,1000,10,0.9,0.1,10,40,0.0,False,,,,,,0,0,0,6,0,6,0,4.124827682971954e-06,True
HDNA0038,GA-rich_Lyamichev-Mirkin-Frank-Kamenetskii,forming,fast_gated_fast_4x,10,1000,10,0.9,0.1,10,40,179.04,True,21,1,100.0,0.0,90.476189,70,1,3707,209,0,0,70,2.8042122721672058e-05,True
HDNA0039,(dG)n-(dC)n_Lyamichev-Mirkin-Frank-Kamenetskii,forming,fast_gated_fast_4x,10,1000,10,0.9,0.1,10,40,171.4,True,16,0,0.0,100.0,93.75,110,1,4030,231,0,44,110,2.712523564696312e-05,True
HDNA0040,TC18/AG18_Htun-Dahlberg,forming,fast_gated_fast_4x,10,1000,10,0.9,0.1,10,40,175.985,True,21,1,0.0,100.0,90.476189,95,1,6886,374,0,66,95,3.433274105191231e-05,True
HDNA0041,pRW1704,forming,fast_gated_fast_4x,10,1000,10,0.9,0.1,10,40,124.87,True,13,0,100.0,0.0,100.0,12,1,514,36,0,0,12,1.66245736181736e-05,True
HDNA0042,pRW1412,forming,fast_gated_fast_4x,10,1000,10,0.9,0.1,10,40,86.495,True,13,0,92.307701,7.692308,92.307693,5,1,444,36,0,0,5,1.7583835870027542e-05,True
HDNA0043,pRW1415,forming,fast_gated_fast_4x,10,1000,10,0.9,0.1,10,40,95.325,True,13,0,92.307701,7.692308,92.307693,12,1,514,36,0,0,12,1.7000362277030945e-05,True
HDNA0044,pRW1402,forming,fast_gated_fast_4x,10,1000,10,0.9,0.1,10,40,77.665,True,11,1,100.0,0.0,90.909088,6,1,217,15,0,0,6,1.5582889318466187e-05,True
HDNA0045,pRW1702 (also pRW1701),forming,fast_gated_fast_4x,10,1000,10,0.9,0.1,10,40,103.44,True,12,2,100.0,0.0,91.666672,5,1,466,36,0,0,7,1.9374769181013107e-05,True
HDNA0046,pRW1712,forming,fast_gated_fast_4x,10,1000,10,0.9,0.1,10,40,103.44,True,12,4,100.0,0.0,91.666672,5,1,716,55,0,0,9,1.658312976360321e-05,True
HDNA0047,pRW1713,forming,fast_gated_fast_4x,10,1000,10,0.9,0.1,10,40,92.725,True,12,6,100.0,0.0,91.666672,5,1,1017,77,0,0,11,1.88327394425869e-05,True
HDNA0048,pRW1714,forming,fast_gated_fast_4x,10,1000,10,0.9,0.1,10,40,92.725,True,12,8,100.0,0.0,91.666672,3,1,1322,99,0,0,11,2.3082830011844635e-05,True
HDNA0049,pRW1404,forming,fast_gated_fast_4x,10,1000,10,0.9,0.1,10,40,110.98,True,11,1,100.0,0.0,100.0,6,1,217,15,0,0,6,1.874985173344612e-05,True
HDNA0050,pRW1411,forming,fast_gated_fast_4x,10,1000,10,0.9,0.1,10,40,118.52,True,11,0,0.0,100.0,100.0,5,1,207,15,0,0,5,2.304092049598694e-05,True
HDNA0051,pRW1408,forming,fast_gated_fast_4x,10,1000,10,0.9,0.1,10,40,110.98,True,11,0,0.0,100.0,100.0,4,1,197,15,0,0,4,1.912470906972885e-05,True
HDNA0052,pRW1410,forming,fast_gated_fast_4x,10,1000,10,0.9,0.1,10,40,99.67,True,11,1,100.0,0.0,100.0,3,1,187,15,0,0,3,1.5290919691324234e-05,True
HDNA0053,pRW1405,non-forming,fast_gated_fast_4x,10,1000,10,0.9,0.1,10,40,83.3,True,10,0,100.0,0.0,100.0,1,1,20,1,0,0,1,1.8040649592876434e-05,False
HDNA0054,poly-(dC)30,forming,fast_gated_fast_4x,10,1000,10,0.9,0.1,10,40,184.0,True,15,0,0.0,100.0,100.0,66,1,1415,66,0,0,66,2.362532541155815e-05,True
HDNA0001,pAA32,forming,fast_gated_fast_8x,10,1000,10,0.9,0.1,10,80,148.78,True,15,2,100.0,0.0,93.333336,5,1,1102,88,0,0,6,1.8166378140449524e-05,True
HDNA0002,pGG32,forming,fast_gated_fast_8x,10,1000,10,0.9,0.1,10,80,152.55,True,15,2,100.0,0.0,93.333336,5,1,1102,88,0,0,6,1.762527972459793e-05,True
HDNA0003,pAG32,forming,fast_gated_fast_8x,10,1000,10,0.9,0.1,10,80,119.235,True,14,4,100.0,0.0,92.85714,4,1,1104,88,0,0,6,1.7708633095026016e-05,True
HDNA0004,pTG32,forming,fast_gated_fast_8x,10,1000,10,0.9,0.1,10,80,119.235,True,14,4,100.0,0.0,92.85714,4,1,1104,88,0,0,6,1.9667204469442368e-05,True
HDNA0005,pAC32,forming,fast_gated_fast_8x,10,1000,10,0.9,0.1,10,80,119.235,True,14,4,92.857147,7.142858,92.85714,4,1,1104,88,0,0,6,1.89170241355896e-05,True
HDNA0006,pGT32,forming,fast_gated_fast_8x,10,1000,10,0.9,0.1,10,80,119.235,True,14,4,92.857147,7.142858,92.85714,4,1,1104,88,0,0,6,2.0625069737434387e-05,True
HDNA0007,pGC32,forming,fast_gated_fast_8x,10,1000,10,0.9,0.1,10,80,119.235,True,14,4,92.857147,7.142858,92.85714,4,1,1104,88,0,0,6,1.7290934920310974e-05,True
HDNA0008,pCG32,forming,fast_gated_fast_8x,10,1000,10,0.9,0.1,10,80,119.235,True,14,4,100.0,0.0,92.85714,4,1,1104,88,0,0,6,1.8999911844730377e-05,True
HDNA0009,pCT32,forming,fast_gated_fast_8x,10,1000,10,0.9,0.1,10,80,119.235,True,14,4,92.857147,7.142858,92.85714,4,1,1104,88,0,0,6,1.7750076949596405e-05,True
HDNA0010,pAT32,forming,fast_gated_fast_8x,10,1000,10,0.9,0.1,10,80,119.235,True,14,4,92.857147,7.142858,92.85714,4,1,1104,88,0,0,6,1.712515950202942e-05,True
HDNA0011,pTA32,forming,fast_gated_fast_8x,10,1000,10,0.9,0.1,10,80,119.235,True,14,4,100.0,0.0,92.85714,4,1,1104,88,0,0,6,1.695798709988594e-05,True
HDNA0012,pTT32,forming,fast_gated_fast_8x,10,1000,10,0.9,0.1,10,80,119.235,True,15,2,93.333344,6.666667,93.333336,5,1,1102,88,0,0,6,1.8625054508447647e-05,True
HDNA0013,pCC32,forming,fast_gated_fast_8x,10,1000,10,0.9,0.1,10,80,119.235,True,15,2,93.333344,6.666667,93.333336,5,1,1102,88,0,0,6,3.570783883333206e-05,True
HDNA0014,pGA32,forming,fast_gated_fast_8x,10,1000,10,0.9,0.1,10,80,119.235,True,14,4,100.0,0.0,92.85714,4,1,1104,88,0,0,6,3.074994310736656e-05,True
HDNA0015,pCA32,forming,fast_gated_fast_8x,10,1000,10,0.9,0.1,10,80,119.235,True,14,4,100.0,0.0,92.85714,4,1,1104,88,0,0,6,1.7708633095026016e-05,True
HDNA0016,pTC32,forming,fast_gated_fast_8x,10,1000,10,0.9,0.1,10,80,119.235,True,14,4,92.857147,7.142858,92.85714,4,1,1104,88,0,0,6,2.545909956097603e-05,True
HDNA0017,Con-2,forming,fast_gated_fast_8x,10,1000,10,0.9,0.1,10,80,136.18,True,14,1,7.142858,92.857147,100.0,7,1,4892,319,0,55,14,2.6541762053966522e-05,True
HDNA0018,H/CT,forming,fast_gated_fast_8x,10,1000,10,0.9,0.1,10,80,132.41,True,14,1,7.142858,92.857147,100.0,11,1,4822,319,0,55,11,2.38749198615551e-05,True
HDNA0019,H/Ri,forming,fast_gated_fast_8x,10,1000,10,0.9,0.1,10,80,132.41,True,14,1,7.142858,92.857147,100.0,11,1,2211,319,0,187,11,2.020876854658127e-05,True
HDNA0020,GA/CT,non-forming,fast_gated_fast_8x,10,1000,10,0.9,0.1,10,80,0.0,False,,,,,,0,0,4712,319,0,55,0,1.479126513004303e-05,True
HDNA0021,ΔCT/Ri,non-forming,fast_gated_fast_8x,10,1000,10,0.9,0.1,10,80,0.0,False,,,,,,0,0,0,286,0,286,0,5.2908435463905334e-06,True
HDNA0022,R1 (H-DNA buffer),forming,fast_gated_fast_8x,10,1000,10,0.9,0.1,10,80,0.0,False,,,,,,0,0,1679,132,0,0,0,7.500406354665756e-06,False
HDNA0023,R2 (H-DNA buffer),forming,fast_gated_fast_8x,10,1000,10,0.9,0.1,10,80,0.0,False,,,,,,0,0,1679,132,0,0,0,7.207971066236496e-06,False
HDNA0024,R2-3′ (H-DNA buffer),forming,fast_gated_fast_8x,10,1000,10,0.9,0.1,10,80,0.0,False,,,,,,0,0,2658,242,0,77,0,9.62521880865097e-06,False
HDNA0025,R2-5′ (H-DNA buffer),forming,fast_gated_fast_8x,10,1000,10,0.9,0.1,10,80,0.0,False,,,,,,0,0,3659,242,0,0,0,1.1374708265066147e-05,False
HDNA0026,R2-ino,non-forming,fast_gated_fast_8x,10,1000,10,0.9,0.1,10,80,0.0,False,,,,,,0,0,1679,132,0,0,0,6.791204214096069e-06,True
HDNA0027,H-33,forming,fast_gated_fast_8x,10,1000,10,0.9,0.1,10,80,0.0,False,,,,,,0,0,1192,99,0,0,0,6.457790732383728e-06,False
HDNA0028,B-33,non-forming,fast_gated_fast_8x,10,1000,10,0.9,0.1,10,80,0.0,False,,,,,,0,0,1192,99,0,0,0,6.1248429119586945e-06,True
HDNA0029,"pCON (S1, pH 4.5)",non-forming,fast_gated_fast_8x,10,1000,10,0.9,0.1,10,80,0.0,False,,,,,,0,0,0,77,0,77,0,4.37488779425621e-06,True
HDNA0030,"pcMyc (S1, pH 4.5)",forming,fast_gated_fast_8x,10,1000,10,0.9,0.1,10,80,0.0,False,,,,,,0,0,103,10,0,0,0,4.167202860116959e-06,False
HDNA0031,"pMycAG (S1, pH 4.5)",non-forming,fast_gated_fast_8x,10,1000,10,0.9,0.1,10,80,0.0,False,,,,,,0,0,103,10,0,0,0,4.082918167114258e-06,True
HDNA0032,GG32 (30-nt version),forming,fast_gated_fast_8x,10,1000,10,0.9,0.1,10,80,139.95,True,14,2,100.0,0.0,92.85714,5,1,816,66,0,0,6,1.808302477002144e-05,True
HDNA0033,AG32 (30-nt version),forming,fast_gated_fast_8x,10,1000,10,0.9,0.1,10,80,106.635,True,13,4,100.0,0.0,92.307693,4,1,818,66,0,0,6,1.7167069017887115e-05,True
HDNA0034,MYCAA,forming,fast_gated_fast_8x,10,1000,10,0.9,0.1,10,80,0.0,False,,,,,,0,0,103,10,0,0,0,4.37488779425621e-06,False
HDNA0035,GG32-long,forming,fast_gated_fast_8x,10,1000,10,0.9,0.1,10,80,152.55,True,15,2,100.0,0.0,93.333336,5,1,2752,198,0,11,6,2.112472429871559e-05,True
HDNA0036,Mycm1,non-forming,fast_gated_fast_8x,10,1000,10,0.9,0.1,10,80,0.0,False,,,,,,0,0,61,6,0,0,0,4.209112375974655e-06,True
HDNA0037,MycM2,non-forming,fast_gated_fast_8x,10,1000,10,0.9,0.1,10,80,0.0,False,,,,,,0,0,0,6,0,6,0,4.00003045797348e-06,True
HDNA0038,GA-rich_Lyamichev-Mirkin-Frank-Kamenetskii,forming,fast_gated_fast_8x,10,1000,10,0.9,0.1,10,80,179.04,True,21,1,100.0,0.0,90.476189,70,1,3707,209,0,0,70,2.733292058110237e-05,True
HDNA0039,(dG)n-(dC)n_Lyamichev-Mirkin-Frank-Kamenetskii,forming,fast_gated_fast_8x,10,1000,10,0.9,0.1,10,80,171.4,True,16,0,0.0,100.0,93.75,110,1,4030,231,0,44,110,3.170780837535858e-05,True
HDNA0040,TC18/AG18_Htun-Dahlberg,forming,fast_gated_fast_8x,10,1000,10,0.9,0.1,10,80,175.985,True,21,1,0.0,100.0,90.476189,95,1,6886,374,0,66,95,3.750016912817955e-05,True
HDNA0041,pRW1704,forming,fast_gated_fast_8x,10,1000,10,0.9,0.1,10,80,124.87,True,13,0,100.0,0.0,100.0,12,1,514,36,0,0,12,2.195918932557106e-05,True
HDNA0042,pRW1412,forming,fast_gated_fast_8x,10,1000,10,0.9,0.1,10,80,86.495,True,13,0,92.307701,7.692308,92.307693,5,1,444,36,0,0,5,1.8416903913021088e-05,True
HDNA0043,pRW1415,forming,fast_gated_fast_8x,10,1000,10,0.9,0.1,10,80,95.325,True,13,0,92.307701,7.692308,92.307693,12,1,514,36,0,0,12,1.695798709988594e-05,True
HDNA0044,pRW1402,forming,fast_gated_fast_8x,10,1000,10,0.9,0.1,10,80,77.665,True,11,1,100.0,0.0,90.909088,6,1,217,15,0,0,6,1.5249941498041153e-05,True
HDNA0045,pRW1702 (also pRW1701),forming,fast_gated_fast_8x,10,1000,10,0.9,0.1,10,80,103.44,True,12,2,100.0,0.0,91.666672,5,1,466,36,0,0,7,1.6292091459035873e-05,True
HDNA0046,pRW1712,forming,fast_gated_fast_8x,10,1000,10,0.9,0.1,10,80,103.44,True,12,4,100.0,0.0,91.666672,5,1,716,55,0,0,9,1.6250181943178177e-05,True
HDNA0047,pRW1713,forming,fast_gated_fast_8x,10,1000,10,0.9,0.1,10,80,92.725,True,12,6,100.0,0.0,91.666672,5,1,1017,77,0,0,11,1.7875339835882187e-05,True
HDNA0048,pRW1714,forming,fast_gated_fast_8x,10,1000,10,0.9,0.1,10,80,92.725,True,12,8,100.0,0.0,91.666672,3,1,1322,99,0,0,11,1.8291175365447998e-05,True
HDNA0049,pRW1404,forming,fast_gated_fast_8x,10,1000,10,0.9,0.1,10,80,110.98,True,11,1,100.0,0.0,100.0,6,1,217,15,0,0,6,1.44164077937603e-05,True
HDNA0050,pRW1411,forming,fast_gated_fast_8x,10,1000,10,0.9,0.1,10,80,118.52,True,11,0,0.0,100.0,100.0,5,1,207,15,0,0,5,1.8041115254163742e-05,True
HDNA0051,pRW1408,forming,fast_gated_fast_8x,10,1000,10,0.9,0.1,10,80,110.98,True,11,0,0.0,100.0,100.0,4,1,197,15,0,0,4,1.49579718708992e-05,True
HDNA0052,pRW1410,forming,fast_gated_fast_8x,10,1000,10,0.9,0.1,10,80,99.67,True,11,1,100.0,0.0,100.0,3,1,187,15,0,0,3,1.5832949429750443e-05,True
HDNA0053,pRW1405,non-forming,fast_gated_fast_8x,10,1000,10,0.9,0.1,10,80,83.3,True,10,0,100.0,0.0,100.0,1,1,20,1,0,0,1,1.4292076230049133e-05,False
HDNA0054,poly-(dC)30,forming,fast_gated_fast_8x,10,1000,10,0.9,0.1,10,80,184.0,True,15,0,0.0,100.0,100.0,66,1,1415,66,0,0,66,2.0333100110292435e-05,True
