"sequence_id","sequence_name","label","sequence_length","triplex_n_hits","triplex_pred","triplex_elapsed_seconds","triplex_best_score","triplex_best_pvalue","triplex_best_type","triplex_best_strand","triplex_best_start","triplex_best_end","triplex_best_width","triplex_best_loop_start","triplex_best_loop_end","triplex_best_loop_width","triplex_best_insertions"
"HDNA0001","pAA32","forming",32,2,"forming",0.00700000000000012,28,3.24095971171445e-08,2,"-",1,32,32,15,18,4,0
"HDNA0002","pGG32","forming",32,2,"forming",0.002,28,3.24095971171445e-08,2,"-",1,32,32,15,18,4,0
"HDNA0003","pAG32","forming",32,2,"forming",0.00299999999999989,27,7.53206658155037e-08,3,"-",1,32,32,15,18,4,0
"HDNA0004","pTG32","forming",32,2,"forming",0.002,19,6.40929483922692e-05,2,"-",1,32,32,15,18,4,0
"HDNA0005","pAC32","forming",32,2,"forming",0.00299999999999989,22,5.10639748474429e-06,3,"-",1,32,32,15,18,4,0
"HDNA0006","pGT32","forming",32,2,"forming",0.002,19,6.40929483922692e-05,2,"-",1,32,32,15,18,4,0
"HDNA0007","pGC32","forming",32,2,"forming",0.00300000000000011,22,5.10639748474429e-06,2,"-",1,32,32,15,18,4,0
"HDNA0008","pCG32","forming",32,2,"forming",0.00299999999999989,22,5.10639748474429e-06,3,"-",1,32,32,15,18,4,0
"HDNA0009","pCT32","forming",32,2,"forming",0.002,23,2.19722920036247e-06,3,"-",1,32,32,15,18,4,0
"HDNA0010","pAT32","forming",32,2,"forming",0.00299999999999989,19,6.40929483922692e-05,2,"-",1,32,32,15,18,4,0
"HDNA0011","pTA32","forming",32,2,"forming",0.00199999999999978,19,6.40929483922692e-05,2,"-",1,32,32,15,18,4,0
"HDNA0012","pTT32","forming",32,2,"forming",0.00300000000000011,19,6.40929483922692e-05,2,"-",1,32,32,15,18,4,0
"HDNA0013","pCC32","forming",32,2,"forming",0.00200000000000022,19,6.40929483922692e-05,2,"-",1,32,32,15,18,4,0
"HDNA0014","pGA32","forming",32,2,"forming",0.00300000000000011,27,7.53206658155037e-08,2,"-",1,32,32,15,18,4,0
"HDNA0015","pCA32","forming",32,2,"forming",0.00199999999999978,22,5.10639748474429e-06,2,"-",1,32,32,15,18,4,0
"HDNA0016","pTC32","forming",32,2,"forming",0.00300000000000011,23,2.19722920036247e-06,2,"-",1,32,32,15,18,4,0
"HDNA0017","Con-2","forming",53,7,"forming",0.00200000000000022,24,1.56588957656023e-06,0,"+",9,35,27,21,23,3,0
"HDNA0018","H/CT","forming",53,2,"forming",0.00200000000000022,24,1.56588957656023e-06,0,"+",9,35,27,21,23,3,0
"HDNA0019","H/Ri","forming",53,2,"forming",0.00200000000000022,24,1.56588957656023e-06,0,"+",9,35,27,21,23,3,0
"HDNA0020","GA/CT","non_forming",53,0,"non-forming",0.00300000000000011,,,,,,,,,,,
"HDNA0021","ΔCT/Ri","non_forming",50,0,"non-forming",0.00299999999999967,,,,,,,,,,,
"HDNA0022","R1 (H-DNA buffer)","forming",36,1,"forming",0.00199999999999978,16,0.000904350068464455,2,"-",1,23,23,10,14,5,0
"HDNA0023","R2 (H-DNA buffer)","forming",36,1,"forming",0.00199999999999978,16,0.000904350068464455,2,"-",14,36,23,23,27,5,0
"HDNA0024","R2-3′ (H-DNA buffer)","forming",46,1,"forming",0.00200000000000022,16,0.00115541324624024,2,"-",14,36,23,23,27,5,0
"HDNA0025","R2-5′ (H-DNA buffer)","forming",46,1,"forming",0.004,16,0.00115541324624024,2,"-",24,46,23,33,37,5,0
"HDNA0026","R2-ino","non_forming",36,1,"forming",0.00199999999999978,16,0.000904350068464455,2,"-",14,36,23,23,27,5,0
"HDNA0027","H-33","forming",33,1,"forming",0.00199999999999978,16,0.0008290188102551,2,"-",8,30,23,17,21,5,0
"HDNA0028","B-33","non_forming",33,0,"non-forming",0.00299999999999967,,,,,,,,,,,
"HDNA0029","pCON (S1, pH 4.5)","non_forming",31,0,"non-forming",0.00200000000000022,,,,,,,,,,,
"HDNA0030","pcMyc (S1, pH 4.5)","forming",23,1,"forming",0.00200000000000022,16,0.000577873592064293,2,"-",1,23,23,10,14,5,0
"HDNA0031","pMycAG (S1, pH 4.5)","non_forming",23,0,"non-forming",0.00200000000000022,,,,,,,,,,,
"HDNA0032","GG32 (30-nt version)","forming",30,2,"forming",0.00200000000000022,26,1.64106552347221e-07,2,"-",1,30,30,14,17,4,0
"HDNA0033","AG32 (30-nt version)","forming",30,2,"forming",0.00200000000000022,25,3.81387415981926e-07,3,"-",1,30,30,14,17,4,0
"HDNA0034","MYCAA","forming",23,1,"forming",0.00200000000000067,16,0.000577873592064293,2,"-",1,23,23,10,14,5,0
"HDNA0035","GG32-long","forming",42,3,"forming",0.00300000000000011,28,4.25375960011465e-08,2,"-",6,37,32,20,23,4,0
"HDNA0036","Mycm1","non_forming",22,0,"non-forming",0.00300000000000011,,,,,,,,,,,
"HDNA0037","MycM2","non_forming",22,0,"non-forming",0.00200000000000067,,,,,,,,,,,
"HDNA0038","GA-rich_Lyamichev-Mirkin-Frank-Kamenetskii","forming",43,6,"forming",0.00300000000000011,38,9.47508738136094e-12,3,"-",1,43,43,21,23,3,0
"HDNA0039","(dG)n-(dC)n_Lyamichev-Mirkin-Frank-Kamenetskii","forming",45,4,"forming",0.00199999999999978,28,4.55759956441426e-08,0,"+",8,38,31,22,24,3,0
"HDNA0040","TC18/AG18_Htun-Dahlberg","forming",58,6,"forming",0.00300000000000011,37,2.97020186224017e-11,0,"+",9,49,41,28,30,3,0
"HDNA0041","pRW1704","forming",27,2,"forming",0.00300000000000011,22,4.30852459665232e-06,2,"-",1,25,25,12,14,3,0
"HDNA0042","pRW1412","forming",27,0,"non-forming",0.00200000000000067,,,,,,,,,,,
"HDNA0043","pRW1415","forming",27,2,"forming",0.00200000000000067,16,0.000678339253602611,2,"-",1,19,19,9,11,3,0
"HDNA0044","pRW1402","forming",24,4,"forming",0.00300000000000011,19,4.80700964207159e-05,3,"-",1,23,23,11,13,3,0
"HDNA0045","pRW1702 (also pRW1701)","forming",27,2,"forming",0.00200000000000067,22,4.30852459665232e-06,2,"-",2,27,26,13,16,4,0
"HDNA0046","pRW1712","forming",29,2,"forming",0.00300000000000011,22,4.62767382825024e-06,2,"-",2,29,28,14,17,4,0
"HDNA0047","pRW1713","forming",31,2,"forming",0.00300000000000011,22,4.94682295804072e-06,2,"-",2,31,30,14,19,6,0
"HDNA0048","pRW1714","forming",33,2,"forming",0.00199999999999978,22,5.26597198602374e-06,2,"-",2,33,32,14,21,8,0
"HDNA0049","pRW1404","forming",24,4,"forming",0.00199999999999978,20,2.06846680030903e-05,2,"-",1,23,23,11,13,3,0
"HDNA0050","pRW1411","forming",24,2,"forming",0.00300000000000011,20,2.06846680030903e-05,0,"+",2,24,23,12,14,3,0
"HDNA0051","pRW1408","forming",24,2,"forming",0.00199999999999978,18,0.000111707611730849,0,"+",1,22,22,10,13,4,0
"HDNA0052","pRW1410","forming",24,2,"forming",0.00199999999999978,20,2.06846680030903e-05,2,"-",2,24,23,12,14,3,0
"HDNA0053","pRW1405","non_forming",20,4,"forming",0.00199999999999978,16,0.000502517717709594,2,"-",1,20,20,9,12,4,0
"HDNA0054","poly-(dC)30","forming",30,4,"forming",0.00199999999999978,26,1.64106552347221e-07,0,"+",1,30,30,14,17,4,0
