sequence_id,label,hseeker_original_score,fast_gated_score,triplex_call,hseeker_original_pred,fast_gated_pred,triplex_pred,hseeker_original_correct,fast_gated_correct,triplex_correct
HDNA0001,forming,148.78,148.78,2,True,True,forming,True,True,True
HDNA0002,forming,152.55,152.55,2,True,True,forming,True,True,True
HDNA0003,forming,119.235,119.235,2,True,True,forming,True,True,True
HDNA0004,forming,119.235,119.235,2,True,True,forming,True,True,True
HDNA0005,forming,119.235,119.235,2,True,True,forming,True,True,True
HDNA0006,forming,119.235,119.235,2,True,True,forming,True,True,True
HDNA0007,forming,119.235,119.235,2,True,True,forming,True,True,True
HDNA0008,forming,119.235,119.235,2,True,True,forming,True,True,True
HDNA0009,forming,119.235,119.235,2,True,True,forming,True,True,True
HDNA0010,forming,119.235,119.235,2,True,True,forming,True,True,True
HDNA0011,forming,119.235,119.235,2,True,True,forming,True,True,True
HDNA0012,forming,119.235,119.235,2,True,True,forming,True,True,True
HDNA0013,forming,119.235,119.235,2,True,True,forming,True,True,True
HDNA0014,forming,119.235,119.235,2,True,True,forming,True,True,True
HDNA0015,forming,119.235,119.235,2,True,True,forming,True,True,True
HDNA0016,forming,119.235,119.235,2,True,True,forming,True,True,True
HDNA0017,forming,136.18,136.18,7,True,True,forming,True,True,True
HDNA0018,forming,132.41,132.41,2,True,True,forming,True,True,True
HDNA0019,forming,132.41,132.41,2,True,True,forming,True,True,True
HDNA0020,non-forming,0.0,0.0,0,False,False,non-forming,True,True,True
HDNA0021,non-forming,0.0,0.0,0,False,False,non-forming,True,True,True
HDNA0022,forming,0.0,0.0,1,False,False,forming,False,False,True
HDNA0023,forming,0.0,0.0,1,False,False,forming,False,False,True
HDNA0024,forming,0.0,0.0,1,False,False,forming,False,False,True
HDNA0025,forming,0.0,0.0,1,False,False,forming,False,False,True
HDNA0026,non-forming,0.0,0.0,1,False,False,forming,True,True,False
HDNA0027,forming,0.0,0.0,1,False,False,forming,False,False,True
HDNA0028,non-forming,0.0,0.0,0,False,False,non-forming,True,True,True
HDNA0029,non-forming,0.0,0.0,0,False,False,non-forming,True,True,True
HDNA0030,forming,0.0,0.0,1,False,False,forming,False,False,True
HDNA0031,non-forming,0.0,0.0,0,False,False,non-forming,True,True,True
HDNA0032,forming,139.95,139.95,2,True,True,forming,True,True,True
HDNA0033,forming,106.635,106.635,2,True,True,forming,True,True,True
HDNA0034,forming,0.0,0.0,1,False,False,forming,False,False,True
HDNA0035,forming,152.55,152.55,3,True,True,forming,True,True,True
HDNA0036,non-forming,0.0,0.0,0,False,False,non-forming,True,True,True
HDNA0037,non-forming,0.0,0.0,0,False,False,non-forming,True,True,True
HDNA0038,forming,179.04,179.04,6,True,True,forming,True,True,True
HDNA0039,forming,171.4,171.4,4,True,True,forming,True,True,True
HDNA0040,forming,175.985,175.985,6,True,True,forming,True,True,True
HDNA0041,forming,124.87,124.87,2,True,True,forming,True,True,True
HDNA0042,forming,86.495,86.495,0,True,True,non-forming,True,True,False
HDNA0043,forming,95.325,95.325,2,True,True,forming,True,True,True
HDNA0044,forming,77.665,77.665,4,True,True,forming,True,True,True
HDNA0045,forming,103.44,103.44,2,True,True,forming,True,True,True
HDNA0046,forming,103.44,103.44,2,True,True,forming,True,True,True
HDNA0047,forming,92.725,92.725,2,True,True,forming,True,True,True
HDNA0048,forming,92.725,92.725,2,True,True,forming,True,True,True
HDNA0049,forming,110.98,110.98,4,True,True,forming,True,True,True
HDNA0050,forming,118.52,118.52,2,True,True,forming,True,True,True
HDNA0051,forming,110.98,110.98,2,True,True,forming,True,True,True
HDNA0052,forming,99.67,99.67,2,True,True,forming,True,True,True
HDNA0053,non-forming,83.3,83.3,4,True,True,forming,False,False,False
HDNA0054,forming,184.0,184.0,4,True,True,forming,True,True,True
