threshold,TP,FN,TN,FP,sensitivity,specificity,precision,accuracy,FPR,TPR,youden_j,MCC
Inf,0,71,9,0,0.0,1.0,0.0,0.1125,0.0,0.0,0.0,0.0
984.75,1,70,9,0,0.014084507042253521,1.0,1.0,0.125,0.0,0.014084507042253521,0.014084507042253502,0.04005701054024485
540.77,2,69,9,0,0.028169014084507043,1.0,1.0,0.1375,0.0,0.028169014084507043,0.028169014084507005,0.0570111467688965
487.99,3,68,9,0,0.04225352112676056,1.0,1.0,0.15,0.0,0.04225352112676056,0.04225352112676051,0.070276050320023
457.63,4,67,9,0,0.056338028169014086,1.0,1.0,0.1625,0.0,0.056338028169014086,0.05633802816901401,0.08167991551759951
313.87,5,66,9,0,0.07042253521126761,1.0,1.0,0.175,0.0,0.07042253521126761,0.07042253521126751,0.09192771195538434
288.77,6,65,9,0,0.08450704225352113,1.0,1.0,0.1875,0.0,0.08450704225352113,0.08450704225352101,0.10137989700783946
263.47,7,64,9,0,0.09859154929577464,1.0,1.0,0.2,0.0,0.09859154929577464,0.09859154929577474,0.11025027218069541
259.7,8,63,9,0,0.11267605633802817,1.0,1.0,0.2125,0.0,0.11267605633802817,0.11267605633802824,0.11867816581938534
230.73,9,62,9,0,0.1267605633802817,1.0,1.0,0.225,0.0,0.1267605633802817,0.12676056338028174,0.1267605633802817
221.9,10,61,9,0,0.14084507042253522,1.0,1.0,0.2375,0.0,0.14084507042253522,0.14084507042253525,0.13456839120487699
209.3,11,60,9,0,0.15492957746478872,1.0,1.0,0.25,0.0,0.15492957746478872,0.15492957746478875,0.14215556885425484
200.47,13,58,9,0,0.18309859154929578,1.0,1.0,0.275,0.0,0.18309859154929578,0.18309859154929575,0.15682899347119775
184.0,14,57,9,0,0.19718309859154928,1.0,1.0,0.2875,0.0,0.19718309859154928,0.19718309859154926,0.16397745074672032
179.04,15,56,9,0,0.2112676056338028,1.0,1.0,0.3,0.0,0.2112676056338028,0.21126760563380276,0.17103344030668954
177.85,16,55,9,0,0.22535211267605634,1.0,1.0,0.3125,0.0,0.22535211267605634,0.22535211267605626,0.17801724872907798
175.985,17,54,9,0,0.23943661971830985,1.0,1.0,0.325,0.0,0.23943661971830985,0.23943661971830976,0.18494656360238212
171.4,18,53,9,0,0.2535211267605634,1.0,1.0,0.3375,0.0,0.2535211267605634,0.2535211267605635,0.19183705034376938
166.44,20,51,9,0,0.28169014084507044,1.0,1.0,0.3625,0.0,0.28169014084507044,0.2816901408450705,0.2055566129482595
157.61,21,50,9,0,0.29577464788732394,1.0,1.0,0.375,0.0,0.29577464788732394,0.295774647887324,0.21241037316214084
152.55,23,48,9,0,0.323943661971831,1.0,1.0,0.4,0.0,0.323943661971831,0.323943661971831,0.22616144511987485
148.78,24,47,9,0,0.3380281690140845,1.0,1.0,0.4125,0.0,0.3380281690140845,0.3380281690140845,0.23307929065965177
139.95,25,46,9,0,0.352112676056338,1.0,1.0,0.425,0.0,0.352112676056338,0.352112676056338,0.2400384092184583
137.47,26,45,9,0,0.36619718309859156,1.0,1.0,0.4375,0.0,0.36619718309859156,0.3661971830985915,0.2470483026652182
136.18,28,43,9,0,0.39436619718309857,1.0,1.0,0.4625,0.0,0.39436619718309857,0.3943661971830985,0.2612578955247053
134.89,29,42,9,0,0.4084507042253521,1.0,1.0,0.475,0.0,0.4084507042253521,0.408450704225352,0.26847632305245844
132.41,31,40,9,0,0.43661971830985913,1.0,1.0,0.5,0.0,0.43661971830985913,0.436619718309859,0.2831880266979453
124.87,32,39,9,0,0.4507042253521127,1.0,1.0,0.5125,0.0,0.4507042253521127,0.45070422535211274,0.29070094986690553
119.235,46,25,9,0,0.647887323943662,1.0,1.0,0.6875,0.0,0.647887323943662,0.647887323943662,0.41412508466620673
118.52,47,24,9,0,0.6619718309859155,1.0,1.0,0.7,0.0,0.6619718309859155,0.6619718309859155,0.4248973665334581
110.98,49,22,9,0,0.6901408450704225,1.0,1.0,0.725,0.0,0.6901408450704225,0.6901408450704225,0.4476197841354619
106.635,51,20,9,0,0.7183098591549296,1.0,1.0,0.75,0.0,0.7183098591549296,0.7183098591549295,0.4721480164025993
103.44,53,18,9,0,0.7464788732394366,1.0,1.0,0.775,0.0,0.7464788732394366,0.7464788732394365,0.49882491024387726
102.15,54,17,9,0,0.7605633802816901,1.0,1.0,0.7875,0.0,0.7605633802816901,0.76056338028169,0.5131003209200686
99.67,55,16,9,0,0.7746478873239436,1.0,1.0,0.8,0.0,0.7746478873239436,0.7746478873239435,0.5280845002806082
95.325,56,15,9,0,0.7887323943661971,1.0,1.0,0.8125,0.0,0.7887323943661971,0.788732394366197,0.5438516782058541
92.725,58,13,9,0,0.8169014084507042,1.0,1.0,0.8375,0.0,0.8169014084507042,0.8169014084507042,0.5780890414293828
92.03,65,6,8,1,0.9154929577464789,0.8888888888888888,0.9848484848484849,0.9125,0.11111111111111116,0.9154929577464789,0.8043818466353678,0.6689238863794781
86.495,66,5,8,1,0.9295774647887324,0.8888888888888888,0.9850746268656716,0.925,0.11111111111111116,0.9295774647887324,0.8184663536776213,0.7010390050037301
83.3,66,5,7,2,0.9295774647887324,0.7777777777777778,0.9705882352941176,0.9125,0.2222222222222222,0.9295774647887324,0.7073552425665102,0.6259547312220688
77.665,67,4,7,2,0.9436619718309859,0.7777777777777778,0.9710144927536232,0.925,0.2222222222222222,0.9436619718309859,0.7214397496087637,0.6619567398162777
76.375,68,3,7,2,0.9577464788732394,0.7777777777777778,0.9714285714285714,0.9375,0.2222222222222222,0.9577464788732394,0.7355242566510172,0.702746042958802
-Inf,68,3,7,2,0.9577464788732394,0.7777777777777778,0.9714285714285714,0.9375,0.2222222222222222,0.9577464788732394,0.7355242566510172,0.702746042958802
