sequence_id,sequence_name,label,sequence_length,hseeker_pred_by_hit,hseeker_hit_count,hseeker_score,hseeker_best_start,hseeker_best_end,hseeker_best_arm_length,hseeker_best_spacer_length,hseeker_best_ga_pct,hseeker_best_ct_pct,hseeker_best_mirror_identity
HDNA0001,pAA32,forming,32,True,1,148.78,1,32,15,2,100.0,0.0,93.33333587646484
HDNA0002,pGG32,forming,32,True,1,152.55,1,32,15,2,100.0,0.0,93.33333587646484
HDNA0003,pAG32,forming,32,True,1,119.235,1,32,14,4,100.0,0.0,92.85713958740234
HDNA0004,pTG32,forming,32,True,1,119.235,1,32,14,4,100.0,0.0,92.85713958740234
HDNA0005,pAC32,forming,32,True,1,119.235,1,32,14,4,92.85714721679688,7.142857551574707,92.85713958740234
HDNA0006,pGT32,forming,32,True,1,119.235,1,32,14,4,92.85714721679688,7.142857551574707,92.85713958740234
HDNA0007,pGC32,forming,32,True,1,119.235,1,32,14,4,92.85714721679688,7.142857551574707,92.85713958740234
HDNA0008,pCG32,forming,32,True,1,119.235,1,32,14,4,100.0,0.0,92.85713958740234
HDNA0009,pCT32,forming,32,True,1,119.235,1,32,14,4,92.85714721679688,7.142857551574707,92.85713958740234
HDNA0010,pAT32,forming,32,True,1,119.235,1,32,14,4,92.85714721679688,7.142857551574707,92.85713958740234
HDNA0011,pTA32,forming,32,True,1,119.235,1,32,14,4,100.0,0.0,92.85713958740234
HDNA0012,pTT32,forming,32,True,1,119.235,1,32,15,2,93.33334350585938,6.6666669845581055,93.33333587646484
HDNA0013,pCC32,forming,32,True,1,119.235,1,32,15,2,93.33334350585938,6.6666669845581055,93.33333587646484
HDNA0014,pGA32,forming,32,True,1,119.235,1,32,14,4,100.0,0.0,92.85713958740234
HDNA0015,pCA32,forming,32,True,1,119.235,1,32,14,4,100.0,0.0,92.85713958740234
HDNA0016,pTC32,forming,32,True,1,119.235,1,32,14,4,92.85714721679688,7.142857551574707,92.85713958740234
HDNA0017,Con-2,forming,53,True,1,136.18,8,36,14,1,7.142857551574707,92.85714721679688,100.0
HDNA0018,H/CT,forming,53,True,1,132.41,8,36,14,1,7.142857551574707,92.85714721679688,100.0
HDNA0019,H/Ri,forming,53,True,1,132.41,8,36,14,1,7.142857551574707,92.85714721679688,100.0
HDNA0020,GA/CT,non-forming,53,False,0,nan,,,,,,,
HDNA0021,ΔCT/Ri,non-forming,50,False,0,nan,,,,,,,
HDNA0022,R1 (H-DNA buffer),forming,36,True,1,92.03,1,23,8,7,100.0,0.0,100.0
HDNA0023,R2 (H-DNA buffer),forming,36,True,1,92.03,14,36,8,7,100.0,0.0,100.0
HDNA0024,R2-3′ (H-DNA buffer),forming,46,True,1,92.03,14,36,8,7,100.0,0.0,100.0
HDNA0025,R2-5′ (H-DNA buffer),forming,46,True,1,92.03,24,46,8,7,100.0,0.0,100.0
HDNA0026,R2-ino,non-forming,36,True,1,92.03,14,36,8,7,100.0,0.0,100.0
HDNA0027,H-33,forming,33,True,1,92.03,8,30,8,7,100.0,0.0,100.0
HDNA0028,B-33,non-forming,33,False,0,nan,,,,,,,
HDNA0029,"pCON (S1, pH 4.5)",non-forming,31,False,0,nan,,,,,,,
HDNA0030,"pcMyc (S1, pH 4.5)",forming,23,True,1,92.03,1,23,8,7,100.0,0.0,100.0
HDNA0031,"pMycAG (S1, pH 4.5)",non-forming,23,False,0,nan,,,,,,,
HDNA0032,GG32 (30-nt version),forming,30,True,1,139.95,1,30,14,2,100.0,0.0,92.85713958740234
HDNA0033,AG32 (30-nt version),forming,30,True,1,106.635,1,30,13,4,100.0,0.0,92.30769348144531
HDNA0034,MYCAA,forming,23,True,1,92.03,1,23,8,7,100.0,0.0,100.0
HDNA0035,GG32-long,forming,42,True,1,152.55,6,37,15,2,100.0,0.0,93.33333587646484
HDNA0036,Mycm1,non-forming,22,False,0,nan,,,,,,,
HDNA0037,MycM2,non-forming,22,False,0,nan,,,,,,,
HDNA0038,GA-rich_Lyamichev-Mirkin-Frank-Kamenetskii,forming,43,True,1,179.04,1,43,21,1,100.0,0.0,90.47618865966797
HDNA0039,(dG)n-(dC)n_Lyamichev-Mirkin-Frank-Kamenetskii,forming,45,True,1,171.4,6,37,16,0,0.0,100.0,93.75
HDNA0040,TC18/AG18_Htun-Dahlberg,forming,58,True,1,175.985,7,49,21,1,0.0,100.0,90.47618865966797
HDNA0041,pRW1704,forming,27,True,1,124.87,2,27,13,0,100.0,0.0,100.0
HDNA0042,pRW1412,forming,27,True,1,86.495,2,27,13,0,92.30770111083984,7.692307949066162,92.30769348144531
HDNA0043,pRW1415,forming,27,True,1,95.325,2,27,13,0,92.30770111083984,7.692307949066162,92.30769348144531
HDNA0044,pRW1402,forming,24,True,1,77.665,1,23,11,1,100.0,0.0,90.90908813476562
HDNA0045,pRW1702 (also pRW1701),forming,27,True,1,103.44,2,27,12,2,100.0,0.0,91.66667175292969
HDNA0046,pRW1712,forming,29,True,1,103.44,2,29,12,4,100.0,0.0,91.66667175292969
HDNA0047,pRW1713,forming,31,True,1,92.725,2,31,12,6,100.0,0.0,91.66667175292969
HDNA0048,pRW1714,forming,33,True,1,92.725,2,33,12,8,100.0,0.0,91.66667175292969
HDNA0049,pRW1404,forming,24,True,1,110.98,1,23,11,1,100.0,0.0,100.0
HDNA0050,pRW1411,forming,24,True,1,118.52,1,22,11,0,0.0,100.0,100.0
HDNA0051,pRW1408,forming,24,True,1,110.98,1,22,11,0,0.0,100.0,100.0
HDNA0052,pRW1410,forming,24,True,1,99.67,2,24,11,1,100.0,0.0,100.0
HDNA0053,pRW1405,non-forming,20,True,1,83.3,1,20,10,0,100.0,0.0,100.0
HDNA0054,poly-(dC)30,forming,30,True,1,184.0,1,30,15,0,0.0,100.0,100.0
HDNA0055,GA32,forming,30,True,1,106.635,1,30,13,4,100.0,0.0,92.30769348144531
HDNA0056,AA32,forming,30,True,1,136.18,1,30,14,2,100.0,0.0,92.85713958740234
HDNA0057,cMYC_NHE_Hisey2024,forming,24,True,1,76.375,2,22,10,1,100.0,0.0,90.0
HDNA0058,cMYC_NSE_ACCCTCCCC4,forming,36,False,0,nan,,,,,,,
HDNA0059,BCL6_ClusterII_Pu,forming,24,True,1,134.89,1,24,12,0,100.0,0.0,100.0
HDNA0060,FXN_GAA10,forming,30,True,1,137.47,1,28,14,0,100.0,0.0,100.0
HDNA0061,FXN_GAA20,forming,60,True,1,288.77,1,58,29,0,100.0,0.0,100.0
HDNA0062,FXN_GAA33,forming,99,True,1,487.99,2,99,49,0,100.0,0.0,100.0
HDNA0063,FXN_GAA66,forming,198,True,1,984.75,1,196,98,0,100.0,0.0,100.0
HDNA0064,CANVAS_AAGGG10,forming,50,True,1,263.47,3,50,24,0,100.0,0.0,100.0
HDNA0065,XDP_CCCTCT10,forming,60,True,1,313.87,1,57,28,1,0.0,100.0,100.0
HDNA0066,CTC20_mouse,forming,41,True,1,209.3,1,41,20,1,0.0,100.0,100.0
HDNA0067,CTC16_mouse,forming,33,True,1,166.44,1,33,16,1,0.0,100.0,100.0
HDNA0068,TCCTC10_mouse,forming,50,True,1,259.7,1,49,24,1,0.0,100.0,100.0
HDNA0069,AG11_model,forming,22,True,1,102.15,1,21,10,1,100.0,0.0,100.0
HDNA0070,GA20_SV40,forming,40,True,1,200.47,1,39,19,1,100.0,0.0,100.0
HDNA0071,PKD1_PyRE_CT44,forming,88,True,1,457.63,1,87,43,1,0.0,100.0,100.0
HDNA0072,GA16_sea_urchin_histone,forming,32,True,1,157.61,1,31,15,1,100.0,0.0,100.0
HDNA0073,GAAA10_human,forming,40,True,1,177.85,2,40,19,1,100.0,0.0,100.0
HDNA0074,GGAA10_human,forming,40,True,1,200.47,1,38,19,0,100.0,0.0,100.0
HDNA0075,SV40_GACT22,forming,44,True,1,221.9,1,43,21,1,100.0,0.0,100.0
HDNA0076,TC17_Glover,forming,34,True,1,166.44,1,33,16,1,0.0,100.0,100.0
HDNA0077,TTCCC20_avian,forming,100,True,1,540.77,3,100,49,0,0.0,100.0,100.0
HDNA0078,gamma_globin_228_189,forming,37,False,0,nan,,,,,,,
HDNA0079,PKD1_46bp_mirror,forming,46,True,1,230.73,1,45,22,1,0.0,100.0,100.0
HDNA0080,G10TTAA_AG5,forming,24,False,0,nan,,,,,,,
