sequence_id,sequence_name,label,sequence_length,hseeker_pred_by_hit,hseeker_hit_count,hseeker_score,hseeker_best_start,hseeker_best_end,hseeker_best_arm_length,hseeker_best_spacer_length,hseeker_best_ga_pct,hseeker_best_ct_pct,hseeker_best_mirror_identity,triplex_pred_by_hit,triplex_hit_count,triplex_score,triplex_pvalue,triplex_type,triplex_best_start,triplex_best_end,hseeker_score_pred_youden
HDNA0001,pAA32,forming,32,True,1,148.78,1,32,15,2,100.0,0.0,93.33333587646484,True,2,28.0,3.24095971171445e-08,2,1,32,True
HDNA0002,pGG32,forming,32,True,1,152.55,1,32,15,2,100.0,0.0,93.33333587646484,True,2,28.0,3.24095971171445e-08,2,1,32,True
HDNA0003,pAG32,forming,32,True,1,119.235,1,32,14,4,100.0,0.0,92.85713958740234,True,2,27.0,7.53206658155037e-08,3,1,32,True
HDNA0004,pTG32,forming,32,True,1,119.235,1,32,14,4,100.0,0.0,92.85713958740234,True,2,19.0,6.40929483922692e-05,2,1,32,True
HDNA0005,pAC32,forming,32,True,1,119.235,1,32,14,4,92.85714721679688,7.142857551574707,92.85713958740234,True,2,22.0,5.10639748474429e-06,3,1,32,True
HDNA0006,pGT32,forming,32,True,1,119.235,1,32,14,4,92.85714721679688,7.142857551574707,92.85713958740234,True,2,19.0,6.40929483922692e-05,2,1,32,True
HDNA0007,pGC32,forming,32,True,1,119.235,1,32,14,4,92.85714721679688,7.142857551574707,92.85713958740234,True,2,22.0,5.10639748474429e-06,2,1,32,True
HDNA0008,pCG32,forming,32,True,1,119.235,1,32,14,4,100.0,0.0,92.85713958740234,True,2,22.0,5.10639748474429e-06,3,1,32,True
HDNA0009,pCT32,forming,32,True,1,119.235,1,32,14,4,92.85714721679688,7.142857551574707,92.85713958740234,True,2,23.0,2.19722920036247e-06,3,1,32,True
HDNA0010,pAT32,forming,32,True,1,119.235,1,32,14,4,92.85714721679688,7.142857551574707,92.85713958740234,True,2,19.0,6.40929483922692e-05,2,1,32,True
HDNA0011,pTA32,forming,32,True,1,119.235,1,32,14,4,100.0,0.0,92.85713958740234,True,2,19.0,6.40929483922692e-05,2,1,32,True
HDNA0012,pTT32,forming,32,True,1,119.235,1,32,15,2,93.33334350585938,6.6666669845581055,93.33333587646484,True,2,19.0,6.40929483922692e-05,2,1,32,True
HDNA0013,pCC32,forming,32,True,1,119.235,1,32,15,2,93.33334350585938,6.6666669845581055,93.33333587646484,True,2,19.0,6.40929483922692e-05,2,1,32,True
HDNA0014,pGA32,forming,32,True,1,119.235,1,32,14,4,100.0,0.0,92.85713958740234,True,2,27.0,7.53206658155037e-08,2,1,32,True
HDNA0015,pCA32,forming,32,True,1,119.235,1,32,14,4,100.0,0.0,92.85713958740234,True,2,22.0,5.10639748474429e-06,2,1,32,True
HDNA0016,pTC32,forming,32,True,1,119.235,1,32,14,4,92.85714721679688,7.142857551574707,92.85713958740234,True,2,23.0,2.19722920036247e-06,2,1,32,True
HDNA0017,Con-2,forming,53,True,1,136.18,8,36,14,1,7.142857551574707,92.85714721679688,100.0,True,7,24.0,1.56588957656023e-06,0,9,35,True
HDNA0018,H/CT,forming,53,True,1,132.41,8,36,14,1,7.142857551574707,92.85714721679688,100.0,True,2,24.0,1.56588957656023e-06,0,9,35,True
HDNA0019,H/Ri,forming,53,True,1,132.41,8,36,14,1,7.142857551574707,92.85714721679688,100.0,True,2,24.0,1.56588957656023e-06,0,9,35,True
HDNA0020,GA/CT,non-forming,53,False,0,nan,,,,,,,,False,0,nan,nan,,,,False
HDNA0021,ΔCT/Ri,non-forming,50,False,0,nan,,,,,,,,False,0,nan,nan,,,,False
HDNA0022,R1 (H-DNA buffer),forming,36,True,1,92.03,1,23,8,7,100.0,0.0,100.0,True,1,16.0,0.000904350068464455,2,1,23,True
HDNA0023,R2 (H-DNA buffer),forming,36,True,1,92.03,14,36,8,7,100.0,0.0,100.0,True,1,16.0,0.000904350068464455,2,14,36,True
HDNA0024,R2-3′ (H-DNA buffer),forming,46,True,1,92.03,14,36,8,7,100.0,0.0,100.0,True,1,16.0,0.00115541324624024,2,14,36,True
HDNA0025,R2-5′ (H-DNA buffer),forming,46,True,1,92.03,24,46,8,7,100.0,0.0,100.0,True,1,16.0,0.00115541324624024,2,24,46,True
HDNA0026,R2-ino,non-forming,36,True,1,92.03,14,36,8,7,100.0,0.0,100.0,True,1,16.0,0.000904350068464455,2,14,36,True
HDNA0027,H-33,forming,33,True,1,92.03,8,30,8,7,100.0,0.0,100.0,True,1,16.0,0.0008290188102551,2,8,30,True
HDNA0028,B-33,non-forming,33,False,0,nan,,,,,,,,False,0,nan,nan,,,,False
HDNA0029,"pCON (S1, pH 4.5)",non-forming,31,False,0,nan,,,,,,,,False,0,nan,nan,,,,False
HDNA0030,"pcMyc (S1, pH 4.5)",forming,23,True,1,92.03,1,23,8,7,100.0,0.0,100.0,True,1,16.0,0.000577873592064293,2,1,23,True
HDNA0031,"pMycAG (S1, pH 4.5)",non-forming,23,False,0,nan,,,,,,,,False,0,nan,nan,,,,False
HDNA0032,GG32 (30-nt version),forming,30,True,1,139.95,1,30,14,2,100.0,0.0,92.85713958740234,True,2,26.0,1.64106552347221e-07,2,1,30,True
HDNA0033,AG32 (30-nt version),forming,30,True,1,106.635,1,30,13,4,100.0,0.0,92.30769348144531,True,2,25.0,3.81387415981926e-07,3,1,30,True
HDNA0034,MYCAA,forming,23,True,1,92.03,1,23,8,7,100.0,0.0,100.0,True,1,16.0,0.000577873592064293,2,1,23,True
HDNA0035,GG32-long,forming,42,True,1,152.55,6,37,15,2,100.0,0.0,93.33333587646484,True,3,28.0,4.25375960011465e-08,2,6,37,True
HDNA0036,Mycm1,non-forming,22,False,0,nan,,,,,,,,False,0,nan,nan,,,,False
HDNA0037,MycM2,non-forming,22,False,0,nan,,,,,,,,False,0,nan,nan,,,,False
HDNA0038,GA-rich_Lyamichev-Mirkin-Frank-Kamenetskii,forming,43,True,1,179.04,1,43,21,1,100.0,0.0,90.47618865966797,True,6,38.0,9.47508738136094e-12,3,1,43,True
HDNA0039,(dG)n-(dC)n_Lyamichev-Mirkin-Frank-Kamenetskii,forming,45,True,1,171.4,6,37,16,0,0.0,100.0,93.75,True,4,28.0,4.55759956441426e-08,0,8,38,True
HDNA0040,TC18/AG18_Htun-Dahlberg,forming,58,True,1,175.985,7,49,21,1,0.0,100.0,90.47618865966797,True,6,37.0,2.97020186224017e-11,0,9,49,True
HDNA0041,pRW1704,forming,27,True,1,124.87,2,27,13,0,100.0,0.0,100.0,True,2,22.0,4.30852459665232e-06,2,1,25,True
HDNA0042,pRW1412,forming,27,True,1,86.495,2,27,13,0,92.30770111083984,7.692307949066162,92.30769348144531,False,0,nan,nan,,,,True
HDNA0043,pRW1415,forming,27,True,1,95.325,2,27,13,0,92.30770111083984,7.692307949066162,92.30769348144531,True,2,16.0,0.000678339253602611,2,1,19,True
HDNA0044,pRW1402,forming,24,True,1,77.665,1,23,11,1,100.0,0.0,90.90908813476562,True,4,19.0,4.80700964207159e-05,3,1,23,False
HDNA0045,pRW1702 (also pRW1701),forming,27,True,1,103.44,2,27,12,2,100.0,0.0,91.66667175292969,True,2,22.0,4.30852459665232e-06,2,2,27,True
HDNA0046,pRW1712,forming,29,True,1,103.44,2,29,12,4,100.0,0.0,91.66667175292969,True,2,22.0,4.62767382825024e-06,2,2,29,True
HDNA0047,pRW1713,forming,31,True,1,92.725,2,31,12,6,100.0,0.0,91.66667175292969,True,2,22.0,4.94682295804072e-06,2,2,31,True
HDNA0048,pRW1714,forming,33,True,1,92.725,2,33,12,8,100.0,0.0,91.66667175292969,True,2,22.0,5.26597198602374e-06,2,2,33,True
HDNA0049,pRW1404,forming,24,True,1,110.98,1,23,11,1,100.0,0.0,100.0,True,4,20.0,2.06846680030903e-05,2,1,23,True
HDNA0050,pRW1411,forming,24,True,1,118.52,1,22,11,0,0.0,100.0,100.0,True,2,20.0,2.06846680030903e-05,0,2,24,True
HDNA0051,pRW1408,forming,24,True,1,110.98,1,22,11,0,0.0,100.0,100.0,True,2,18.0,0.000111707611730849,0,1,22,True
HDNA0052,pRW1410,forming,24,True,1,99.67,2,24,11,1,100.0,0.0,100.0,True,2,20.0,2.06846680030903e-05,2,2,24,True
HDNA0053,pRW1405,non-forming,20,True,1,83.3,1,20,10,0,100.0,0.0,100.0,True,4,16.0,0.000502517717709594,2,1,20,False
HDNA0054,poly-(dC)30,forming,30,True,1,184.0,1,30,15,0,0.0,100.0,100.0,True,4,26.0,1.64106552347221e-07,0,1,30,True
HDNA0055,GA32,forming,30,True,1,106.635,1,30,13,4,100.0,0.0,92.30769348144531,True,2,25.0,3.81387415981926e-07,2,1,30,True
HDNA0056,AA32,forming,30,True,1,136.18,1,30,14,2,100.0,0.0,92.85713958740234,True,2,26.0,1.64106552347221e-07,2,1,30,True
HDNA0057,cMYC_NHE_Hisey2024,forming,24,True,1,76.375,2,22,10,1,100.0,0.0,90.0,True,1,17.0,0.00025956561941276,3,2,22,False
HDNA0058,cMYC_NSE_ACCCTCCCC4,forming,36,False,0,nan,,,,,,,,False,0,nan,nan,,,,False
HDNA0059,BCL6_ClusterII_Pu,forming,24,True,1,134.89,1,24,12,0,100.0,0.0,100.0,True,2,20.0,2.06846680030903e-05,2,1,24,True
HDNA0060,FXN_GAA10,forming,30,True,1,137.47,1,28,14,0,100.0,0.0,100.0,True,2,26.0,1.64106552347221e-07,2,2,30,True
HDNA0061,FXN_GAA20,forming,60,True,1,288.77,1,58,29,0,100.0,0.0,100.0,True,4,56.0,0.0,2,2,60,True
HDNA0062,FXN_GAA33,forming,99,True,1,487.99,2,99,49,0,100.0,0.0,100.0,True,4,60.0,0.0,2,3,65,True
HDNA0063,FXN_GAA66,forming,198,True,1,984.75,1,196,98,0,100.0,0.0,100.0,True,4,60.0,0.0,2,3,65,True
HDNA0064,CANVAS_AAGGG10,forming,50,True,1,263.47,3,50,24,0,100.0,0.0,100.0,True,2,44.0,6.98330282489223e-14,2,1,47,True
HDNA0065,XDP_CCCTCT10,forming,60,True,1,313.87,1,57,28,1,0.0,100.0,100.0,True,4,54.0,0.0,0,1,57,True
HDNA0066,CTC20_mouse,forming,41,True,1,209.3,1,41,20,1,0.0,100.0,100.0,True,4,38.0,9.03443986288721e-12,0,1,41,True
HDNA0067,CTC16_mouse,forming,33,True,1,166.44,1,33,16,1,0.0,100.0,100.0,True,4,30.0,6.18808870811449e-09,0,1,33,True
HDNA0068,TCCTC10_mouse,forming,50,True,1,259.7,1,49,24,1,0.0,100.0,100.0,True,4,46.0,1.29896093881143e-14,0,1,49,True
HDNA0069,AG11_model,forming,22,True,1,102.15,1,21,10,1,100.0,0.0,100.0,True,4,18.0,0.000102399120718633,2,1,21,True
HDNA0070,GA20_SV40,forming,40,True,1,200.47,1,39,19,1,100.0,0.0,100.0,True,4,36.0,4.76056971621119e-11,2,1,39,True
HDNA0071,PKD1_PyRE_CT44,forming,88,True,1,457.63,1,87,43,1,0.0,100.0,100.0,True,4,60.0,0.0,0,1,63,True
HDNA0072,GA16_sea_urchin_histone,forming,32,True,1,157.61,1,31,15,1,100.0,0.0,100.0,True,4,28.0,3.24095971171445e-08,2,1,31,True
HDNA0073,GAAA10_human,forming,40,True,1,177.85,2,40,19,1,100.0,0.0,100.0,True,4,36.0,4.76056971621119e-11,2,2,40,True
HDNA0074,GGAA10_human,forming,40,True,1,200.47,1,38,19,0,100.0,0.0,100.0,True,2,34.0,2.57122767521878e-10,2,1,38,True
HDNA0075,SV40_GACT22,forming,44,True,1,221.9,1,43,21,1,100.0,0.0,100.0,True,4,40.0,1.79511960851642e-12,2,1,43,True
HDNA0076,TC17_Glover,forming,34,True,1,166.44,1,33,16,1,0.0,100.0,100.0,True,4,30.0,6.37560659821901e-09,0,1,33,True
HDNA0077,TTCCC20_avian,forming,100,True,1,540.77,3,100,49,0,0.0,100.0,100.0,True,2,60.0,0.0,0,3,65,True
HDNA0078,gamma_globin_228_189,forming,37,False,0,nan,,,,,,,,False,0,nan,nan,,,,False
HDNA0079,PKD1_46bp_mirror,forming,46,True,1,230.73,1,45,22,1,0.0,100.0,100.0,True,4,42.0,3.47499806707674e-13,0,1,45,True
HDNA0080,G10TTAA_AG5,forming,24,False,0,nan,,,,,,,,True,2,15.0,0.00140003979568382,2,1,24,False
