sequence_id,triplex_pred_by_hit,triplex_hit_count,triplex_score,triplex_pvalue,triplex_type,triplex_best_start,triplex_best_end
HDNA0001,True,2,28.0,3.24095971171445e-08,2,1,32
HDNA0002,True,2,28.0,3.24095971171445e-08,2,1,32
HDNA0003,True,2,27.0,7.53206658155037e-08,3,1,32
HDNA0004,True,2,19.0,6.40929483922692e-05,2,1,32
HDNA0005,True,2,22.0,5.10639748474429e-06,3,1,32
HDNA0006,True,2,19.0,6.40929483922692e-05,2,1,32
HDNA0007,True,2,22.0,5.10639748474429e-06,2,1,32
HDNA0008,True,2,22.0,5.10639748474429e-06,3,1,32
HDNA0009,True,2,23.0,2.19722920036247e-06,3,1,32
HDNA0010,True,2,19.0,6.40929483922692e-05,2,1,32
HDNA0011,True,2,19.0,6.40929483922692e-05,2,1,32
HDNA0012,True,2,19.0,6.40929483922692e-05,2,1,32
HDNA0013,True,2,19.0,6.40929483922692e-05,2,1,32
HDNA0014,True,2,27.0,7.53206658155037e-08,2,1,32
HDNA0015,True,2,22.0,5.10639748474429e-06,2,1,32
HDNA0016,True,2,23.0,2.19722920036247e-06,2,1,32
HDNA0017,True,7,24.0,1.56588957656023e-06,0,9,35
HDNA0018,True,2,24.0,1.56588957656023e-06,0,9,35
HDNA0019,True,2,24.0,1.56588957656023e-06,0,9,35
HDNA0020,False,0,nan,nan,,,
HDNA0021,False,0,nan,nan,,,
HDNA0022,True,1,16.0,0.000904350068464455,2,1,23
HDNA0023,True,1,16.0,0.000904350068464455,2,14,36
HDNA0024,True,1,16.0,0.00115541324624024,2,14,36
HDNA0025,True,1,16.0,0.00115541324624024,2,24,46
HDNA0026,True,1,16.0,0.000904350068464455,2,14,36
HDNA0027,True,1,16.0,0.0008290188102551,2,8,30
HDNA0028,False,0,nan,nan,,,
HDNA0029,False,0,nan,nan,,,
HDNA0030,True,1,16.0,0.000577873592064293,2,1,23
HDNA0031,False,0,nan,nan,,,
HDNA0032,True,2,26.0,1.64106552347221e-07,2,1,30
HDNA0033,True,2,25.0,3.81387415981926e-07,3,1,30
HDNA0034,True,1,16.0,0.000577873592064293,2,1,23
HDNA0035,True,3,28.0,4.25375960011465e-08,2,6,37
HDNA0036,False,0,nan,nan,,,
HDNA0037,False,0,nan,nan,,,
HDNA0038,True,6,38.0,9.47508738136094e-12,3,1,43
HDNA0039,True,4,28.0,4.55759956441426e-08,0,8,38
HDNA0040,True,6,37.0,2.97020186224017e-11,0,9,49
HDNA0041,True,2,22.0,4.30852459665232e-06,2,1,25
HDNA0042,False,0,nan,nan,,,
HDNA0043,True,2,16.0,0.000678339253602611,2,1,19
HDNA0044,True,4,19.0,4.80700964207159e-05,3,1,23
HDNA0045,True,2,22.0,4.30852459665232e-06,2,2,27
HDNA0046,True,2,22.0,4.62767382825024e-06,2,2,29
HDNA0047,True,2,22.0,4.94682295804072e-06,2,2,31
HDNA0048,True,2,22.0,5.26597198602374e-06,2,2,33
HDNA0049,True,4,20.0,2.06846680030903e-05,2,1,23
HDNA0050,True,2,20.0,2.06846680030903e-05,0,2,24
HDNA0051,True,2,18.0,0.000111707611730849,0,1,22
HDNA0052,True,2,20.0,2.06846680030903e-05,2,2,24
HDNA0053,True,4,16.0,0.000502517717709594,2,1,20
HDNA0054,True,4,26.0,1.64106552347221e-07,0,1,30
HDNA0055,True,2,25.0,3.81387415981926e-07,2,1,30
HDNA0056,True,2,26.0,1.64106552347221e-07,2,1,30
HDNA0057,True,1,17.0,0.00025956561941276,3,2,22
HDNA0058,False,0,nan,nan,,,
HDNA0059,True,2,20.0,2.06846680030903e-05,2,1,24
HDNA0060,True,2,26.0,1.64106552347221e-07,2,2,30
HDNA0061,True,4,56.0,0.0,2,2,60
HDNA0062,True,4,60.0,0.0,2,3,65
HDNA0063,True,4,60.0,0.0,2,3,65
HDNA0064,True,2,44.0,6.98330282489223e-14,2,1,47
HDNA0065,True,4,54.0,0.0,0,1,57
HDNA0066,True,4,38.0,9.03443986288721e-12,0,1,41
HDNA0067,True,4,30.0,6.18808870811449e-09,0,1,33
HDNA0068,True,4,46.0,1.29896093881143e-14,0,1,49
HDNA0069,True,4,18.0,0.000102399120718633,2,1,21
HDNA0070,True,4,36.0,4.76056971621119e-11,2,1,39
HDNA0071,True,4,60.0,0.0,0,1,63
HDNA0072,True,4,28.0,3.24095971171445e-08,2,1,31
HDNA0073,True,4,36.0,4.76056971621119e-11,2,2,40
HDNA0074,True,2,34.0,2.57122767521878e-10,2,1,38
HDNA0075,True,4,40.0,1.79511960851642e-12,2,1,43
HDNA0076,True,4,30.0,6.37560659821901e-09,0,1,33
HDNA0077,True,2,60.0,0.0,0,3,65
HDNA0078,False,0,nan,nan,,,
HDNA0079,True,4,42.0,3.47499806707674e-13,0,1,45
HDNA0080,True,2,15.0,0.00140003979568382,2,1,24
