"seq_id","start","end","width","triplex_score","triplex_pvalue","triplex_type"
"HDNA0001",1,32,32,28,3.24095971171445e-08,2
"HDNA0001",1,32,32,28,3.24095971171445e-08,3
"HDNA0002",1,32,32,28,3.24095971171445e-08,2
"HDNA0002",1,32,32,28,3.24095971171445e-08,3
"HDNA0003",1,32,32,19,6.40929483922692e-05,2
"HDNA0003",1,32,32,27,7.53206658155037e-08,3
"HDNA0004",1,32,32,19,6.40929483922692e-05,2
"HDNA0004",1,32,32,19,6.40929483922692e-05,3
"HDNA0005",1,32,32,19,6.40929483922692e-05,2
"HDNA0005",1,32,32,22,5.10639748474429e-06,3
"HDNA0006",1,32,32,19,6.40929483922692e-05,2
"HDNA0006",1,32,32,19,6.40929483922692e-05,3
"HDNA0007",1,32,32,22,5.10639748474429e-06,2
"HDNA0007",1,32,32,19,6.40929483922692e-05,3
"HDNA0008",1,32,32,19,6.40929483922692e-05,2
"HDNA0008",1,32,32,22,5.10639748474429e-06,3
"HDNA0009",1,32,32,19,6.40929483922692e-05,2
"HDNA0009",1,32,32,23,2.19722920036247e-06,3
"HDNA0010",1,32,32,19,6.40929483922692e-05,2
"HDNA0010",1,32,32,19,6.40929483922692e-05,3
"HDNA0011",1,32,32,19,6.40929483922692e-05,2
"HDNA0011",1,32,32,19,6.40929483922692e-05,3
"HDNA0012",1,32,32,19,6.40929483922692e-05,2
"HDNA0012",1,32,32,19,6.40929483922692e-05,3
"HDNA0013",1,32,32,19,6.40929483922692e-05,2
"HDNA0013",1,32,32,19,6.40929483922692e-05,3
"HDNA0014",1,32,32,27,7.53206658155037e-08,2
"HDNA0014",1,32,32,19,6.40929483922692e-05,3
"HDNA0015",1,32,32,22,5.10639748474429e-06,2
"HDNA0015",1,32,32,19,6.40929483922692e-05,3
"HDNA0016",1,32,32,23,2.19722920036247e-06,2
"HDNA0016",1,32,32,19,6.40929483922692e-05,3
"HDNA0017",9,35,27,24,1.56588957656023e-06,0
"HDNA0017",9,35,27,24,1.56588957656023e-06,1
"HDNA0017",9,35,27,19,0.00104388411518064,4
"HDNA0017",9,35,27,19,0.00104388411518064,5
"HDNA0017",24,49,26,17,0.00414816991796774,4
"HDNA0017",26,47,22,18,0.000246670993748532,0
"HDNA0017",26,47,22,18,0.000246670993748532,1
"HDNA0018",9,35,27,24,1.56588957656023e-06,0
"HDNA0018",9,35,27,24,1.56588957656023e-06,1
"HDNA0019",9,35,27,24,1.56588957656023e-06,0
"HDNA0019",9,35,27,24,1.56588957656023e-06,1
"HDNA0022",1,23,23,16,0.000904350068464455,2
"HDNA0023",14,36,23,16,0.000904350068464455,2
"HDNA0024",14,36,23,16,0.00115541324624024,2
"HDNA0025",24,46,23,16,0.00115541324624024,2
"HDNA0026",14,36,23,16,0.000904350068464455,2
"HDNA0027",8,30,23,16,0.0008290188102551,2
"HDNA0030",1,23,23,16,0.000577873592064293,2
"HDNA0032",1,30,30,26,1.64106552347221e-07,2
"HDNA0032",1,30,30,26,1.64106552347221e-07,3
"HDNA0033",1,30,30,17,0.000324446496346664,2
"HDNA0033",1,30,30,25,3.81387415981926e-07,3
"HDNA0034",1,23,23,16,0.000577873592064293,2
"HDNA0035",6,37,32,28,4.25375960011465e-08,2
"HDNA0035",6,37,32,28,4.25375960011465e-08,3
"HDNA0035",12,38,27,15,0.00244878316918007,2
"HDNA0038",1,29,29,15,0.00250701438497436,2
"HDNA0038",1,43,43,38,9.47508738136094e-12,3
"HDNA0038",4,40,37,34,2.7640700839271e-10,2
"HDNA0038",4,40,37,30,4.2374523523403e-07,6
"HDNA0038",4,42,39,30,4.2374523523403e-07,7
"HDNA0038",7,43,37,26,6.72190890804725e-06,7
"HDNA0039",8,36,29,26,7.03455473427539e-06,5
"HDNA0039",8,37,30,26,7.03455473427539e-06,4
"HDNA0039",8,38,31,28,4.55759956441426e-08,0
"HDNA0039",8,38,31,28,4.55759956441426e-08,1
"HDNA0040",6,46,41,36,9.04647923238855e-09,5
"HDNA0040",8,42,35,32,2.01367567065347e-09,1
"HDNA0040",8,44,37,34,3.6030853634017e-08,4
"HDNA0040",9,49,41,37,2.97020186224017e-11,0
"HDNA0040",16,44,29,26,9.06675022249726e-06,5
"HDNA0040",23,49,27,23,3.98247437083388e-06,0
"HDNA0041",1,25,25,22,4.30852459665232e-06,2
"HDNA0041",1,25,25,22,4.30852459665232e-06,3
"HDNA0043",1,19,19,16,0.000678339253602611,2
"HDNA0043",1,19,19,16,0.000678339253602611,3
"HDNA0044",1,23,23,19,4.80700964207159e-05,3
"HDNA0044",5,23,19,16,0.000602990954303051,2
"HDNA0044",6,24,19,16,0.00374591672440927,6
"HDNA0044",6,24,19,16,0.00374591672440927,7
"HDNA0045",2,27,26,22,4.30852459665232e-06,2
"HDNA0045",2,27,26,22,4.30852459665232e-06,3
"HDNA0046",2,29,28,22,4.62767382825024e-06,2
"HDNA0046",2,29,28,22,4.62767382825024e-06,3
"HDNA0047",2,31,30,22,4.94682295804072e-06,2
"HDNA0047",2,31,30,22,4.94682295804072e-06,3
"HDNA0048",2,33,32,22,5.26597198602374e-06,2
"HDNA0048",2,33,32,22,5.26597198602374e-06,3
"HDNA0049",1,23,23,20,2.06846680030903e-05,2
"HDNA0049",1,23,23,20,2.06846680030903e-05,3
"HDNA0049",2,24,23,20,0.000236983554399273,6
"HDNA0049",2,24,23,20,0.000236983554399273,7
"HDNA0050",2,24,23,20,2.06846680030903e-05,0
"HDNA0050",2,24,23,20,2.06846680030903e-05,1
"HDNA0051",1,22,22,18,0.000111707611730849,0
"HDNA0051",1,22,22,18,0.000111707611730849,1
"HDNA0052",2,24,23,20,2.06846680030903e-05,2
"HDNA0052",2,24,23,20,2.06846680030903e-05,3
"HDNA0053",1,20,20,16,0.000502517717709594,2
"HDNA0053",1,20,20,16,0.000502517717709594,3
"HDNA0053",1,20,20,16,0.00312257312968656,6
"HDNA0053",1,20,20,16,0.00312257312968656,7
"HDNA0054",1,30,30,26,1.64106552347221e-07,0
"HDNA0054",1,30,30,26,1.64106552347221e-07,1
"HDNA0054",1,30,30,26,4.68970865452611e-06,4
"HDNA0054",1,30,30,26,4.68970865452611e-06,5
