purity,mismatch,minrep,maxspacer,filters,TP,FN,TN,FP,n,sensitivity,specificity,precision,NPV,F1,accuracy,MCC
0.85,0.0,8,5,none,27,17,44,0,88,0.6136363636363636,1.0,1.0,0.7213114754098361,0.7605633802816901,0.8068181818181818,0.6652991438591155
0.85,0.0,8,10,none,33,11,44,0,88,0.75,1.0,1.0,0.8,0.8571428571428571,0.875,0.7745966692414834
0.85,0.0,8,15,none,41,3,44,0,88,0.9318181818181818,1.0,1.0,0.9361702127659575,0.9647058823529412,0.9659090909090909,0.933991662453105
0.85,0.0,10,5,none,25,19,44,0,88,0.5681818181818182,1.0,1.0,0.6984126984126984,0.7246376811594203,0.7840909090909091,0.629940788348712
0.85,0.0,10,10,none,26,18,44,0,88,0.5909090909090909,1.0,1.0,0.7096774193548387,0.7428571428571429,0.7954545454545454,0.6475761258027333
0.85,0.0,10,15,none,26,18,44,0,88,0.5909090909090909,1.0,1.0,0.7096774193548387,0.7428571428571429,0.7954545454545454,0.6475761258027333
0.85,0.0,12,5,none,20,24,44,0,88,0.45454545454545453,1.0,1.0,0.6470588235294118,0.625,0.7272727272727273,0.5423261445466404
0.85,0.0,12,10,none,20,24,44,0,88,0.45454545454545453,1.0,1.0,0.6470588235294118,0.625,0.7272727272727273,0.5423261445466404
0.85,0.0,12,15,none,20,24,44,0,88,0.45454545454545453,1.0,1.0,0.6470588235294118,0.625,0.7272727272727273,0.5423261445466404
0.85,0.05,8,5,none,27,17,44,0,88,0.6136363636363636,1.0,1.0,0.7213114754098361,0.7605633802816901,0.8068181818181818,0.6652991438591155
0.85,0.05,8,10,none,33,11,44,0,88,0.75,1.0,1.0,0.8,0.8571428571428571,0.875,0.7745966692414834
0.85,0.05,8,15,none,41,3,44,0,88,0.9318181818181818,1.0,1.0,0.9361702127659575,0.9647058823529412,0.9659090909090909,0.933991662453105
0.85,0.05,10,5,none,25,19,44,0,88,0.5681818181818182,1.0,1.0,0.6984126984126984,0.7246376811594203,0.7840909090909091,0.629940788348712
0.85,0.05,10,10,none,26,18,44,0,88,0.5909090909090909,1.0,1.0,0.7096774193548387,0.7428571428571429,0.7954545454545454,0.6475761258027333
0.85,0.05,10,15,none,26,18,44,0,88,0.5909090909090909,1.0,1.0,0.7096774193548387,0.7428571428571429,0.7954545454545454,0.6475761258027333
0.85,0.05,12,5,none,20,24,44,0,88,0.45454545454545453,1.0,1.0,0.6470588235294118,0.625,0.7272727272727273,0.5423261445466404
0.85,0.05,12,10,none,20,24,44,0,88,0.45454545454545453,1.0,1.0,0.6470588235294118,0.625,0.7272727272727273,0.5423261445466404
0.85,0.05,12,15,none,20,24,44,0,88,0.45454545454545453,1.0,1.0,0.6470588235294118,0.625,0.7272727272727273,0.5423261445466404
0.85,0.1,8,5,none,37,7,44,0,88,0.8409090909090909,1.0,1.0,0.8627450980392157,0.9135802469135803,0.9204545454545454,0.8517571227048422
0.85,0.1,8,10,none,42,2,44,0,88,0.9545454545454546,1.0,1.0,0.9565217391304348,0.9767441860465117,0.9772727272727273,0.9555330859059091
0.85,0.1,8,15,none,42,2,44,0,88,0.9545454545454546,1.0,1.0,0.9565217391304348,0.9767441860465117,0.9772727272727273,0.9555330859059091
0.85,0.1,10,5,none,37,7,44,0,88,0.8409090909090909,1.0,1.0,0.8627450980392157,0.9135802469135803,0.9204545454545454,0.8517571227048422
0.85,0.1,10,10,none,37,7,44,0,88,0.8409090909090909,1.0,1.0,0.8627450980392157,0.9135802469135803,0.9204545454545454,0.8517571227048422
0.85,0.1,10,15,none,37,7,44,0,88,0.8409090909090909,1.0,1.0,0.8627450980392157,0.9135802469135803,0.9204545454545454,0.8517571227048422
0.85,0.1,12,5,none,31,13,44,0,88,0.7045454545454546,1.0,1.0,0.7719298245614035,0.8266666666666667,0.8522727272727273,0.7374684055082001
0.85,0.1,12,10,none,31,13,44,0,88,0.7045454545454546,1.0,1.0,0.7719298245614035,0.8266666666666667,0.8522727272727273,0.7374684055082001
0.85,0.1,12,15,none,31,13,44,0,88,0.7045454545454546,1.0,1.0,0.7719298245614035,0.8266666666666667,0.8522727272727273,0.7374684055082001
0.85,0.15,8,5,none,43,1,44,0,88,0.9772727272727273,1.0,1.0,0.9777777777777777,0.9885057471264368,0.9886363636363636,0.9775252199076787
0.85,0.15,8,10,none,43,1,44,0,88,0.9772727272727273,1.0,1.0,0.9777777777777777,0.9885057471264368,0.9886363636363636,0.9775252199076787
0.85,0.15,8,15,none,43,1,44,0,88,0.9772727272727273,1.0,1.0,0.9777777777777777,0.9885057471264368,0.9886363636363636,0.9775252199076787
0.85,0.15,10,5,none,38,6,44,0,88,0.8636363636363636,1.0,1.0,0.88,0.9268292682926829,0.9318181818181818,0.8717797887081348
0.85,0.15,10,10,none,38,6,44,0,88,0.8636363636363636,1.0,1.0,0.88,0.9268292682926829,0.9318181818181818,0.8717797887081348
0.85,0.15,10,15,none,38,6,44,0,88,0.8636363636363636,1.0,1.0,0.88,0.9268292682926829,0.9318181818181818,0.8717797887081348
0.85,0.15,12,5,none,32,12,44,0,88,0.7272727272727273,1.0,1.0,0.7857142857142857,0.8421052631578948,0.8636363636363636,0.7559289460184545
0.85,0.15,12,10,none,32,12,44,0,88,0.7272727272727273,1.0,1.0,0.7857142857142857,0.8421052631578948,0.8636363636363636,0.7559289460184545
0.85,0.15,12,15,none,32,12,44,0,88,0.7272727272727273,1.0,1.0,0.7857142857142857,0.8421052631578948,0.8636363636363636,0.7559289460184545
0.9,0.0,8,5,none,27,17,44,0,88,0.6136363636363636,1.0,1.0,0.7213114754098361,0.7605633802816901,0.8068181818181818,0.6652991438591155
0.9,0.0,8,10,none,33,11,44,0,88,0.75,1.0,1.0,0.8,0.8571428571428571,0.875,0.7745966692414834
0.9,0.0,8,15,none,41,3,44,0,88,0.9318181818181818,1.0,1.0,0.9361702127659575,0.9647058823529412,0.9659090909090909,0.933991662453105
0.9,0.0,10,5,none,25,19,44,0,88,0.5681818181818182,1.0,1.0,0.6984126984126984,0.7246376811594203,0.7840909090909091,0.629940788348712
0.9,0.0,10,10,none,26,18,44,0,88,0.5909090909090909,1.0,1.0,0.7096774193548387,0.7428571428571429,0.7954545454545454,0.6475761258027333
0.9,0.0,10,15,none,26,18,44,0,88,0.5909090909090909,1.0,1.0,0.7096774193548387,0.7428571428571429,0.7954545454545454,0.6475761258027333
0.9,0.0,12,5,none,20,24,44,0,88,0.45454545454545453,1.0,1.0,0.6470588235294118,0.625,0.7272727272727273,0.5423261445466404
0.9,0.0,12,10,none,20,24,44,0,88,0.45454545454545453,1.0,1.0,0.6470588235294118,0.625,0.7272727272727273,0.5423261445466404
0.9,0.0,12,15,none,20,24,44,0,88,0.45454545454545453,1.0,1.0,0.6470588235294118,0.625,0.7272727272727273,0.5423261445466404
0.9,0.05,8,5,none,27,17,44,0,88,0.6136363636363636,1.0,1.0,0.7213114754098361,0.7605633802816901,0.8068181818181818,0.6652991438591155
0.9,0.05,8,10,none,33,11,44,0,88,0.75,1.0,1.0,0.8,0.8571428571428571,0.875,0.7745966692414834
0.9,0.05,8,15,none,41,3,44,0,88,0.9318181818181818,1.0,1.0,0.9361702127659575,0.9647058823529412,0.9659090909090909,0.933991662453105
0.9,0.05,10,5,none,25,19,44,0,88,0.5681818181818182,1.0,1.0,0.6984126984126984,0.7246376811594203,0.7840909090909091,0.629940788348712
0.9,0.05,10,10,none,26,18,44,0,88,0.5909090909090909,1.0,1.0,0.7096774193548387,0.7428571428571429,0.7954545454545454,0.6475761258027333
0.9,0.05,10,15,none,26,18,44,0,88,0.5909090909090909,1.0,1.0,0.7096774193548387,0.7428571428571429,0.7954545454545454,0.6475761258027333
0.9,0.05,12,5,none,20,24,44,0,88,0.45454545454545453,1.0,1.0,0.6470588235294118,0.625,0.7272727272727273,0.5423261445466404
0.9,0.05,12,10,none,20,24,44,0,88,0.45454545454545453,1.0,1.0,0.6470588235294118,0.625,0.7272727272727273,0.5423261445466404
0.9,0.05,12,15,none,20,24,44,0,88,0.45454545454545453,1.0,1.0,0.6470588235294118,0.625,0.7272727272727273,0.5423261445466404
0.9,0.1,8,5,none,37,7,44,0,88,0.8409090909090909,1.0,1.0,0.8627450980392157,0.9135802469135803,0.9204545454545454,0.8517571227048422
0.9,0.1,8,10,none,42,2,44,0,88,0.9545454545454546,1.0,1.0,0.9565217391304348,0.9767441860465117,0.9772727272727273,0.9555330859059091
0.9,0.1,8,15,none,42,2,44,0,88,0.9545454545454546,1.0,1.0,0.9565217391304348,0.9767441860465117,0.9772727272727273,0.9555330859059091
0.9,0.1,10,5,none,37,7,44,0,88,0.8409090909090909,1.0,1.0,0.8627450980392157,0.9135802469135803,0.9204545454545454,0.8517571227048422
0.9,0.1,10,10,none,37,7,44,0,88,0.8409090909090909,1.0,1.0,0.8627450980392157,0.9135802469135803,0.9204545454545454,0.8517571227048422
0.9,0.1,10,15,none,37,7,44,0,88,0.8409090909090909,1.0,1.0,0.8627450980392157,0.9135802469135803,0.9204545454545454,0.8517571227048422
0.9,0.1,12,5,none,31,13,44,0,88,0.7045454545454546,1.0,1.0,0.7719298245614035,0.8266666666666667,0.8522727272727273,0.7374684055082001
0.9,0.1,12,10,none,31,13,44,0,88,0.7045454545454546,1.0,1.0,0.7719298245614035,0.8266666666666667,0.8522727272727273,0.7374684055082001
0.9,0.1,12,15,none,31,13,44,0,88,0.7045454545454546,1.0,1.0,0.7719298245614035,0.8266666666666667,0.8522727272727273,0.7374684055082001
0.9,0.15,8,5,none,38,6,44,0,88,0.8636363636363636,1.0,1.0,0.88,0.9268292682926829,0.9318181818181818,0.8717797887081348
0.9,0.15,8,10,none,43,1,44,0,88,0.9772727272727273,1.0,1.0,0.9777777777777777,0.9885057471264368,0.9886363636363636,0.9775252199076787
0.9,0.15,8,15,none,43,1,44,0,88,0.9772727272727273,1.0,1.0,0.9777777777777777,0.9885057471264368,0.9886363636363636,0.9775252199076787
0.9,0.15,10,5,none,38,6,44,0,88,0.8636363636363636,1.0,1.0,0.88,0.9268292682926829,0.9318181818181818,0.8717797887081348
0.9,0.15,10,10,none,38,6,44,0,88,0.8636363636363636,1.0,1.0,0.88,0.9268292682926829,0.9318181818181818,0.8717797887081348
0.9,0.15,10,15,none,38,6,44,0,88,0.8636363636363636,1.0,1.0,0.88,0.9268292682926829,0.9318181818181818,0.8717797887081348
0.9,0.15,12,5,none,32,12,44,0,88,0.7272727272727273,1.0,1.0,0.7857142857142857,0.8421052631578948,0.8636363636363636,0.7559289460184545
0.9,0.15,12,10,none,32,12,44,0,88,0.7272727272727273,1.0,1.0,0.7857142857142857,0.8421052631578948,0.8636363636363636,0.7559289460184545
0.9,0.15,12,15,none,32,12,44,0,88,0.7272727272727273,1.0,1.0,0.7857142857142857,0.8421052631578948,0.8636363636363636,0.7559289460184545
0.95,0.0,8,5,none,25,19,44,0,88,0.5681818181818182,1.0,1.0,0.6984126984126984,0.7246376811594203,0.7840909090909091,0.629940788348712
0.95,0.0,8,10,none,31,13,44,0,88,0.7045454545454546,1.0,1.0,0.7719298245614035,0.8266666666666667,0.8522727272727273,0.7374684055082001
0.95,0.0,8,15,none,41,3,44,0,88,0.9318181818181818,1.0,1.0,0.9361702127659575,0.9647058823529412,0.9659090909090909,0.933991662453105
0.95,0.0,10,5,none,23,21,44,0,88,0.5227272727272727,1.0,1.0,0.676923076923077,0.6865671641791045,0.7613636363636364,0.5948496901286525
0.95,0.0,10,10,none,24,20,44,0,88,0.5454545454545454,1.0,1.0,0.6875,0.7058823529411764,0.7727272727272727,0.6123724356957945
0.95,0.0,10,15,none,24,20,44,0,88,0.5454545454545454,1.0,1.0,0.6875,0.7058823529411764,0.7727272727272727,0.6123724356957945
0.95,0.0,12,5,none,18,26,44,0,88,0.4090909090909091,1.0,1.0,0.6285714285714286,0.5806451612903226,0.7045454545454546,0.50709255283711
0.95,0.0,12,10,none,18,26,44,0,88,0.4090909090909091,1.0,1.0,0.6285714285714286,0.5806451612903226,0.7045454545454546,0.50709255283711
0.95,0.0,12,15,none,18,26,44,0,88,0.4090909090909091,1.0,1.0,0.6285714285714286,0.5806451612903226,0.7045454545454546,0.50709255283711
0.95,0.05,8,5,none,25,19,44,0,88,0.5681818181818182,1.0,1.0,0.6984126984126984,0.7246376811594203,0.7840909090909091,0.629940788348712
0.95,0.05,8,10,none,31,13,44,0,88,0.7045454545454546,1.0,1.0,0.7719298245614035,0.8266666666666667,0.8522727272727273,0.7374684055082001
0.95,0.05,8,15,none,41,3,44,0,88,0.9318181818181818,1.0,1.0,0.9361702127659575,0.9647058823529412,0.9659090909090909,0.933991662453105
0.95,0.05,10,5,none,23,21,44,0,88,0.5227272727272727,1.0,1.0,0.676923076923077,0.6865671641791045,0.7613636363636364,0.5948496901286525
0.95,0.05,10,10,none,24,20,44,0,88,0.5454545454545454,1.0,1.0,0.6875,0.7058823529411764,0.7727272727272727,0.6123724356957945
0.95,0.05,10,15,none,24,20,44,0,88,0.5454545454545454,1.0,1.0,0.6875,0.7058823529411764,0.7727272727272727,0.6123724356957945
0.95,0.05,12,5,none,18,26,44,0,88,0.4090909090909091,1.0,1.0,0.6285714285714286,0.5806451612903226,0.7045454545454546,0.50709255283711
0.95,0.05,12,10,none,18,26,44,0,88,0.4090909090909091,1.0,1.0,0.6285714285714286,0.5806451612903226,0.7045454545454546,0.50709255283711
0.95,0.05,12,15,none,18,26,44,0,88,0.4090909090909091,1.0,1.0,0.6285714285714286,0.5806451612903226,0.7045454545454546,0.50709255283711
0.95,0.1,8,5,none,32,12,44,0,88,0.7272727272727273,1.0,1.0,0.7857142857142857,0.8421052631578948,0.8636363636363636,0.7559289460184545
0.95,0.1,8,10,none,37,7,44,0,88,0.8409090909090909,1.0,1.0,0.8627450980392157,0.9135802469135803,0.9204545454545454,0.8517571227048422
0.95,0.1,8,15,none,42,2,44,0,88,0.9545454545454546,1.0,1.0,0.9565217391304348,0.9767441860465117,0.9772727272727273,0.9555330859059091
0.95,0.1,10,5,none,31,13,44,0,88,0.7045454545454546,1.0,1.0,0.7719298245614035,0.8266666666666667,0.8522727272727273,0.7374684055082001
0.95,0.1,10,10,none,31,13,44,0,88,0.7045454545454546,1.0,1.0,0.7719298245614035,0.8266666666666667,0.8522727272727273,0.7374684055082001
0.95,0.1,10,15,none,31,13,44,0,88,0.7045454545454546,1.0,1.0,0.7719298245614035,0.8266666666666667,0.8522727272727273,0.7374684055082001
0.95,0.1,12,5,none,25,19,44,0,88,0.5681818181818182,1.0,1.0,0.6984126984126984,0.7246376811594203,0.7840909090909091,0.629940788348712
0.95,0.1,12,10,none,25,19,44,0,88,0.5681818181818182,1.0,1.0,0.6984126984126984,0.7246376811594203,0.7840909090909091,0.629940788348712
0.95,0.1,12,15,none,25,19,44,0,88,0.5681818181818182,1.0,1.0,0.6984126984126984,0.7246376811594203,0.7840909090909091,0.629940788348712
0.95,0.15,8,5,none,33,11,44,0,88,0.75,1.0,1.0,0.8,0.8571428571428571,0.875,0.7745966692414834
0.95,0.15,8,10,none,38,6,44,0,88,0.8636363636363636,1.0,1.0,0.88,0.9268292682926829,0.9318181818181818,0.8717797887081348
0.95,0.15,8,15,none,43,1,44,0,88,0.9772727272727273,1.0,1.0,0.9777777777777777,0.9885057471264368,0.9886363636363636,0.9775252199076787
0.95,0.15,10,5,none,31,13,44,0,88,0.7045454545454546,1.0,1.0,0.7719298245614035,0.8266666666666667,0.8522727272727273,0.7374684055082001
0.95,0.15,10,10,none,31,13,44,0,88,0.7045454545454546,1.0,1.0,0.7719298245614035,0.8266666666666667,0.8522727272727273,0.7374684055082001
0.95,0.15,10,15,none,31,13,44,0,88,0.7045454545454546,1.0,1.0,0.7719298245614035,0.8266666666666667,0.8522727272727273,0.7374684055082001
0.95,0.15,12,5,none,25,19,44,0,88,0.5681818181818182,1.0,1.0,0.6984126984126984,0.7246376811594203,0.7840909090909091,0.629940788348712
0.95,0.15,12,10,none,25,19,44,0,88,0.5681818181818182,1.0,1.0,0.6984126984126984,0.7246376811594203,0.7840909090909091,0.629940788348712
0.95,0.15,12,15,none,25,19,44,0,88,0.5681818181818182,1.0,1.0,0.6984126984126984,0.7246376811594203,0.7840909090909091,0.629940788348712
1.0,0.0,8,5,none,25,19,44,0,88,0.5681818181818182,1.0,1.0,0.6984126984126984,0.7246376811594203,0.7840909090909091,0.629940788348712
1.0,0.0,8,10,none,31,13,44,0,88,0.7045454545454546,1.0,1.0,0.7719298245614035,0.8266666666666667,0.8522727272727273,0.7374684055082001
1.0,0.0,8,15,none,41,3,44,0,88,0.9318181818181818,1.0,1.0,0.9361702127659575,0.9647058823529412,0.9659090909090909,0.933991662453105
1.0,0.0,10,5,none,23,21,44,0,88,0.5227272727272727,1.0,1.0,0.676923076923077,0.6865671641791045,0.7613636363636364,0.5948496901286525
1.0,0.0,10,10,none,24,20,44,0,88,0.5454545454545454,1.0,1.0,0.6875,0.7058823529411764,0.7727272727272727,0.6123724356957945
1.0,0.0,10,15,none,24,20,44,0,88,0.5454545454545454,1.0,1.0,0.6875,0.7058823529411764,0.7727272727272727,0.6123724356957945
1.0,0.0,12,5,none,18,26,44,0,88,0.4090909090909091,1.0,1.0,0.6285714285714286,0.5806451612903226,0.7045454545454546,0.50709255283711
1.0,0.0,12,10,none,18,26,44,0,88,0.4090909090909091,1.0,1.0,0.6285714285714286,0.5806451612903226,0.7045454545454546,0.50709255283711
1.0,0.0,12,15,none,18,26,44,0,88,0.4090909090909091,1.0,1.0,0.6285714285714286,0.5806451612903226,0.7045454545454546,0.50709255283711
1.0,0.05,8,5,none,25,19,44,0,88,0.5681818181818182,1.0,1.0,0.6984126984126984,0.7246376811594203,0.7840909090909091,0.629940788348712
1.0,0.05,8,10,none,31,13,44,0,88,0.7045454545454546,1.0,1.0,0.7719298245614035,0.8266666666666667,0.8522727272727273,0.7374684055082001
1.0,0.05,8,15,none,41,3,44,0,88,0.9318181818181818,1.0,1.0,0.9361702127659575,0.9647058823529412,0.9659090909090909,0.933991662453105
1.0,0.05,10,5,none,23,21,44,0,88,0.5227272727272727,1.0,1.0,0.676923076923077,0.6865671641791045,0.7613636363636364,0.5948496901286525
1.0,0.05,10,10,none,24,20,44,0,88,0.5454545454545454,1.0,1.0,0.6875,0.7058823529411764,0.7727272727272727,0.6123724356957945
1.0,0.05,10,15,none,24,20,44,0,88,0.5454545454545454,1.0,1.0,0.6875,0.7058823529411764,0.7727272727272727,0.6123724356957945
1.0,0.05,12,5,none,18,26,44,0,88,0.4090909090909091,1.0,1.0,0.6285714285714286,0.5806451612903226,0.7045454545454546,0.50709255283711
1.0,0.05,12,10,none,18,26,44,0,88,0.4090909090909091,1.0,1.0,0.6285714285714286,0.5806451612903226,0.7045454545454546,0.50709255283711
1.0,0.05,12,15,none,18,26,44,0,88,0.4090909090909091,1.0,1.0,0.6285714285714286,0.5806451612903226,0.7045454545454546,0.50709255283711
1.0,0.1,8,5,none,32,12,44,0,88,0.7272727272727273,1.0,1.0,0.7857142857142857,0.8421052631578948,0.8636363636363636,0.7559289460184545
1.0,0.1,8,10,none,37,7,44,0,88,0.8409090909090909,1.0,1.0,0.8627450980392157,0.9135802469135803,0.9204545454545454,0.8517571227048422
1.0,0.1,8,15,none,42,2,44,0,88,0.9545454545454546,1.0,1.0,0.9565217391304348,0.9767441860465117,0.9772727272727273,0.9555330859059091
1.0,0.1,10,5,none,31,13,44,0,88,0.7045454545454546,1.0,1.0,0.7719298245614035,0.8266666666666667,0.8522727272727273,0.7374684055082001
1.0,0.1,10,10,none,31,13,44,0,88,0.7045454545454546,1.0,1.0,0.7719298245614035,0.8266666666666667,0.8522727272727273,0.7374684055082001
1.0,0.1,10,15,none,31,13,44,0,88,0.7045454545454546,1.0,1.0,0.7719298245614035,0.8266666666666667,0.8522727272727273,0.7374684055082001
1.0,0.1,12,5,none,25,19,44,0,88,0.5681818181818182,1.0,1.0,0.6984126984126984,0.7246376811594203,0.7840909090909091,0.629940788348712
1.0,0.1,12,10,none,25,19,44,0,88,0.5681818181818182,1.0,1.0,0.6984126984126984,0.7246376811594203,0.7840909090909091,0.629940788348712
1.0,0.1,12,15,none,25,19,44,0,88,0.5681818181818182,1.0,1.0,0.6984126984126984,0.7246376811594203,0.7840909090909091,0.629940788348712
1.0,0.15,8,5,none,33,11,44,0,88,0.75,1.0,1.0,0.8,0.8571428571428571,0.875,0.7745966692414834
1.0,0.15,8,10,none,38,6,44,0,88,0.8636363636363636,1.0,1.0,0.88,0.9268292682926829,0.9318181818181818,0.8717797887081348
1.0,0.15,8,15,none,43,1,44,0,88,0.9772727272727273,1.0,1.0,0.9777777777777777,0.9885057471264368,0.9886363636363636,0.9775252199076787
1.0,0.15,10,5,none,31,13,44,0,88,0.7045454545454546,1.0,1.0,0.7719298245614035,0.8266666666666667,0.8522727272727273,0.7374684055082001
1.0,0.15,10,10,none,31,13,44,0,88,0.7045454545454546,1.0,1.0,0.7719298245614035,0.8266666666666667,0.8522727272727273,0.7374684055082001
1.0,0.15,10,15,none,31,13,44,0,88,0.7045454545454546,1.0,1.0,0.7719298245614035,0.8266666666666667,0.8522727272727273,0.7374684055082001
1.0,0.15,12,5,none,25,19,44,0,88,0.5681818181818182,1.0,1.0,0.6984126984126984,0.7246376811594203,0.7840909090909091,0.629940788348712
1.0,0.15,12,10,none,25,19,44,0,88,0.5681818181818182,1.0,1.0,0.6984126984126984,0.7246376811594203,0.7840909090909091,0.629940788348712
1.0,0.15,12,15,none,25,19,44,0,88,0.5681818181818182,1.0,1.0,0.6984126984126984,0.7246376811594203,0.7840909090909091,0.629940788348712
0.85,0.0,8,5,at,27,17,44,0,88,0.6136363636363636,1.0,1.0,0.7213114754098361,0.7605633802816901,0.8068181818181818,0.6652991438591155
0.85,0.0,8,10,at,33,11,44,0,88,0.75,1.0,1.0,0.8,0.8571428571428571,0.875,0.7745966692414834
0.85,0.0,8,15,at,41,3,44,0,88,0.9318181818181818,1.0,1.0,0.9361702127659575,0.9647058823529412,0.9659090909090909,0.933991662453105
0.85,0.0,10,5,at,25,19,44,0,88,0.5681818181818182,1.0,1.0,0.6984126984126984,0.7246376811594203,0.7840909090909091,0.629940788348712
0.85,0.0,10,10,at,26,18,44,0,88,0.5909090909090909,1.0,1.0,0.7096774193548387,0.7428571428571429,0.7954545454545454,0.6475761258027333
0.85,0.0,10,15,at,26,18,44,0,88,0.5909090909090909,1.0,1.0,0.7096774193548387,0.7428571428571429,0.7954545454545454,0.6475761258027333
0.85,0.0,12,5,at,20,24,44,0,88,0.45454545454545453,1.0,1.0,0.6470588235294118,0.625,0.7272727272727273,0.5423261445466404
0.85,0.0,12,10,at,20,24,44,0,88,0.45454545454545453,1.0,1.0,0.6470588235294118,0.625,0.7272727272727273,0.5423261445466404
0.85,0.0,12,15,at,20,24,44,0,88,0.45454545454545453,1.0,1.0,0.6470588235294118,0.625,0.7272727272727273,0.5423261445466404
0.85,0.05,8,5,at,27,17,44,0,88,0.6136363636363636,1.0,1.0,0.7213114754098361,0.7605633802816901,0.8068181818181818,0.6652991438591155
0.85,0.05,8,10,at,33,11,44,0,88,0.75,1.0,1.0,0.8,0.8571428571428571,0.875,0.7745966692414834
0.85,0.05,8,15,at,41,3,44,0,88,0.9318181818181818,1.0,1.0,0.9361702127659575,0.9647058823529412,0.9659090909090909,0.933991662453105
0.85,0.05,10,5,at,25,19,44,0,88,0.5681818181818182,1.0,1.0,0.6984126984126984,0.7246376811594203,0.7840909090909091,0.629940788348712
0.85,0.05,10,10,at,26,18,44,0,88,0.5909090909090909,1.0,1.0,0.7096774193548387,0.7428571428571429,0.7954545454545454,0.6475761258027333
0.85,0.05,10,15,at,26,18,44,0,88,0.5909090909090909,1.0,1.0,0.7096774193548387,0.7428571428571429,0.7954545454545454,0.6475761258027333
0.85,0.05,12,5,at,20,24,44,0,88,0.45454545454545453,1.0,1.0,0.6470588235294118,0.625,0.7272727272727273,0.5423261445466404
0.85,0.05,12,10,at,20,24,44,0,88,0.45454545454545453,1.0,1.0,0.6470588235294118,0.625,0.7272727272727273,0.5423261445466404
0.85,0.05,12,15,at,20,24,44,0,88,0.45454545454545453,1.0,1.0,0.6470588235294118,0.625,0.7272727272727273,0.5423261445466404
0.85,0.1,8,5,at,37,7,44,0,88,0.8409090909090909,1.0,1.0,0.8627450980392157,0.9135802469135803,0.9204545454545454,0.8517571227048422
0.85,0.1,8,10,at,42,2,44,0,88,0.9545454545454546,1.0,1.0,0.9565217391304348,0.9767441860465117,0.9772727272727273,0.9555330859059091
0.85,0.1,8,15,at,42,2,44,0,88,0.9545454545454546,1.0,1.0,0.9565217391304348,0.9767441860465117,0.9772727272727273,0.9555330859059091
0.85,0.1,10,5,at,37,7,44,0,88,0.8409090909090909,1.0,1.0,0.8627450980392157,0.9135802469135803,0.9204545454545454,0.8517571227048422
0.85,0.1,10,10,at,37,7,44,0,88,0.8409090909090909,1.0,1.0,0.8627450980392157,0.9135802469135803,0.9204545454545454,0.8517571227048422
0.85,0.1,10,15,at,37,7,44,0,88,0.8409090909090909,1.0,1.0,0.8627450980392157,0.9135802469135803,0.9204545454545454,0.8517571227048422
0.85,0.1,12,5,at,31,13,44,0,88,0.7045454545454546,1.0,1.0,0.7719298245614035,0.8266666666666667,0.8522727272727273,0.7374684055082001
0.85,0.1,12,10,at,31,13,44,0,88,0.7045454545454546,1.0,1.0,0.7719298245614035,0.8266666666666667,0.8522727272727273,0.7374684055082001
0.85,0.1,12,15,at,31,13,44,0,88,0.7045454545454546,1.0,1.0,0.7719298245614035,0.8266666666666667,0.8522727272727273,0.7374684055082001
0.85,0.15,8,5,at,43,1,44,0,88,0.9772727272727273,1.0,1.0,0.9777777777777777,0.9885057471264368,0.9886363636363636,0.9775252199076787
0.85,0.15,8,10,at,43,1,44,0,88,0.9772727272727273,1.0,1.0,0.9777777777777777,0.9885057471264368,0.9886363636363636,0.9775252199076787
0.85,0.15,8,15,at,43,1,44,0,88,0.9772727272727273,1.0,1.0,0.9777777777777777,0.9885057471264368,0.9886363636363636,0.9775252199076787
0.85,0.15,10,5,at,38,6,44,0,88,0.8636363636363636,1.0,1.0,0.88,0.9268292682926829,0.9318181818181818,0.8717797887081348
0.85,0.15,10,10,at,38,6,44,0,88,0.8636363636363636,1.0,1.0,0.88,0.9268292682926829,0.9318181818181818,0.8717797887081348
0.85,0.15,10,15,at,38,6,44,0,88,0.8636363636363636,1.0,1.0,0.88,0.9268292682926829,0.9318181818181818,0.8717797887081348
0.85,0.15,12,5,at,32,12,44,0,88,0.7272727272727273,1.0,1.0,0.7857142857142857,0.8421052631578948,0.8636363636363636,0.7559289460184545
0.85,0.15,12,10,at,32,12,44,0,88,0.7272727272727273,1.0,1.0,0.7857142857142857,0.8421052631578948,0.8636363636363636,0.7559289460184545
0.85,0.15,12,15,at,32,12,44,0,88,0.7272727272727273,1.0,1.0,0.7857142857142857,0.8421052631578948,0.8636363636363636,0.7559289460184545
0.9,0.0,8,5,at,27,17,44,0,88,0.6136363636363636,1.0,1.0,0.7213114754098361,0.7605633802816901,0.8068181818181818,0.6652991438591155
0.9,0.0,8,10,at,33,11,44,0,88,0.75,1.0,1.0,0.8,0.8571428571428571,0.875,0.7745966692414834
0.9,0.0,8,15,at,41,3,44,0,88,0.9318181818181818,1.0,1.0,0.9361702127659575,0.9647058823529412,0.9659090909090909,0.933991662453105
0.9,0.0,10,5,at,25,19,44,0,88,0.5681818181818182,1.0,1.0,0.6984126984126984,0.7246376811594203,0.7840909090909091,0.629940788348712
0.9,0.0,10,10,at,26,18,44,0,88,0.5909090909090909,1.0,1.0,0.7096774193548387,0.7428571428571429,0.7954545454545454,0.6475761258027333
0.9,0.0,10,15,at,26,18,44,0,88,0.5909090909090909,1.0,1.0,0.7096774193548387,0.7428571428571429,0.7954545454545454,0.6475761258027333
0.9,0.0,12,5,at,20,24,44,0,88,0.45454545454545453,1.0,1.0,0.6470588235294118,0.625,0.7272727272727273,0.5423261445466404
0.9,0.0,12,10,at,20,24,44,0,88,0.45454545454545453,1.0,1.0,0.6470588235294118,0.625,0.7272727272727273,0.5423261445466404
0.9,0.0,12,15,at,20,24,44,0,88,0.45454545454545453,1.0,1.0,0.6470588235294118,0.625,0.7272727272727273,0.5423261445466404
0.9,0.05,8,5,at,27,17,44,0,88,0.6136363636363636,1.0,1.0,0.7213114754098361,0.7605633802816901,0.8068181818181818,0.6652991438591155
0.9,0.05,8,10,at,33,11,44,0,88,0.75,1.0,1.0,0.8,0.8571428571428571,0.875,0.7745966692414834
0.9,0.05,8,15,at,41,3,44,0,88,0.9318181818181818,1.0,1.0,0.9361702127659575,0.9647058823529412,0.9659090909090909,0.933991662453105
0.9,0.05,10,5,at,25,19,44,0,88,0.5681818181818182,1.0,1.0,0.6984126984126984,0.7246376811594203,0.7840909090909091,0.629940788348712
0.9,0.05,10,10,at,26,18,44,0,88,0.5909090909090909,1.0,1.0,0.7096774193548387,0.7428571428571429,0.7954545454545454,0.6475761258027333
0.9,0.05,10,15,at,26,18,44,0,88,0.5909090909090909,1.0,1.0,0.7096774193548387,0.7428571428571429,0.7954545454545454,0.6475761258027333
0.9,0.05,12,5,at,20,24,44,0,88,0.45454545454545453,1.0,1.0,0.6470588235294118,0.625,0.7272727272727273,0.5423261445466404
0.9,0.05,12,10,at,20,24,44,0,88,0.45454545454545453,1.0,1.0,0.6470588235294118,0.625,0.7272727272727273,0.5423261445466404
0.9,0.05,12,15,at,20,24,44,0,88,0.45454545454545453,1.0,1.0,0.6470588235294118,0.625,0.7272727272727273,0.5423261445466404
0.9,0.1,8,5,at,37,7,44,0,88,0.8409090909090909,1.0,1.0,0.8627450980392157,0.9135802469135803,0.9204545454545454,0.8517571227048422
0.9,0.1,8,10,at,42,2,44,0,88,0.9545454545454546,1.0,1.0,0.9565217391304348,0.9767441860465117,0.9772727272727273,0.9555330859059091
0.9,0.1,8,15,at,42,2,44,0,88,0.9545454545454546,1.0,1.0,0.9565217391304348,0.9767441860465117,0.9772727272727273,0.9555330859059091
0.9,0.1,10,5,at,37,7,44,0,88,0.8409090909090909,1.0,1.0,0.8627450980392157,0.9135802469135803,0.9204545454545454,0.8517571227048422
0.9,0.1,10,10,at,37,7,44,0,88,0.8409090909090909,1.0,1.0,0.8627450980392157,0.9135802469135803,0.9204545454545454,0.8517571227048422
0.9,0.1,10,15,at,37,7,44,0,88,0.8409090909090909,1.0,1.0,0.8627450980392157,0.9135802469135803,0.9204545454545454,0.8517571227048422
0.9,0.1,12,5,at,31,13,44,0,88,0.7045454545454546,1.0,1.0,0.7719298245614035,0.8266666666666667,0.8522727272727273,0.7374684055082001
0.9,0.1,12,10,at,31,13,44,0,88,0.7045454545454546,1.0,1.0,0.7719298245614035,0.8266666666666667,0.8522727272727273,0.7374684055082001
0.9,0.1,12,15,at,31,13,44,0,88,0.7045454545454546,1.0,1.0,0.7719298245614035,0.8266666666666667,0.8522727272727273,0.7374684055082001
0.9,0.15,8,5,at,38,6,44,0,88,0.8636363636363636,1.0,1.0,0.88,0.9268292682926829,0.9318181818181818,0.8717797887081348
0.9,0.15,8,10,at,43,1,44,0,88,0.9772727272727273,1.0,1.0,0.9777777777777777,0.9885057471264368,0.9886363636363636,0.9775252199076787
0.9,0.15,8,15,at,43,1,44,0,88,0.9772727272727273,1.0,1.0,0.9777777777777777,0.9885057471264368,0.9886363636363636,0.9775252199076787
0.9,0.15,10,5,at,38,6,44,0,88,0.8636363636363636,1.0,1.0,0.88,0.9268292682926829,0.9318181818181818,0.8717797887081348
0.9,0.15,10,10,at,38,6,44,0,88,0.8636363636363636,1.0,1.0,0.88,0.9268292682926829,0.9318181818181818,0.8717797887081348
0.9,0.15,10,15,at,38,6,44,0,88,0.8636363636363636,1.0,1.0,0.88,0.9268292682926829,0.9318181818181818,0.8717797887081348
0.9,0.15,12,5,at,32,12,44,0,88,0.7272727272727273,1.0,1.0,0.7857142857142857,0.8421052631578948,0.8636363636363636,0.7559289460184545
0.9,0.15,12,10,at,32,12,44,0,88,0.7272727272727273,1.0,1.0,0.7857142857142857,0.8421052631578948,0.8636363636363636,0.7559289460184545
0.9,0.15,12,15,at,32,12,44,0,88,0.7272727272727273,1.0,1.0,0.7857142857142857,0.8421052631578948,0.8636363636363636,0.7559289460184545
0.95,0.0,8,5,at,25,19,44,0,88,0.5681818181818182,1.0,1.0,0.6984126984126984,0.7246376811594203,0.7840909090909091,0.629940788348712
0.95,0.0,8,10,at,31,13,44,0,88,0.7045454545454546,1.0,1.0,0.7719298245614035,0.8266666666666667,0.8522727272727273,0.7374684055082001
0.95,0.0,8,15,at,41,3,44,0,88,0.9318181818181818,1.0,1.0,0.9361702127659575,0.9647058823529412,0.9659090909090909,0.933991662453105
0.95,0.0,10,5,at,23,21,44,0,88,0.5227272727272727,1.0,1.0,0.676923076923077,0.6865671641791045,0.7613636363636364,0.5948496901286525
0.95,0.0,10,10,at,24,20,44,0,88,0.5454545454545454,1.0,1.0,0.6875,0.7058823529411764,0.7727272727272727,0.6123724356957945
0.95,0.0,10,15,at,24,20,44,0,88,0.5454545454545454,1.0,1.0,0.6875,0.7058823529411764,0.7727272727272727,0.6123724356957945
0.95,0.0,12,5,at,18,26,44,0,88,0.4090909090909091,1.0,1.0,0.6285714285714286,0.5806451612903226,0.7045454545454546,0.50709255283711
0.95,0.0,12,10,at,18,26,44,0,88,0.4090909090909091,1.0,1.0,0.6285714285714286,0.5806451612903226,0.7045454545454546,0.50709255283711
0.95,0.0,12,15,at,18,26,44,0,88,0.4090909090909091,1.0,1.0,0.6285714285714286,0.5806451612903226,0.7045454545454546,0.50709255283711
0.95,0.05,8,5,at,25,19,44,0,88,0.5681818181818182,1.0,1.0,0.6984126984126984,0.7246376811594203,0.7840909090909091,0.629940788348712
0.95,0.05,8,10,at,31,13,44,0,88,0.7045454545454546,1.0,1.0,0.7719298245614035,0.8266666666666667,0.8522727272727273,0.7374684055082001
0.95,0.05,8,15,at,41,3,44,0,88,0.9318181818181818,1.0,1.0,0.9361702127659575,0.9647058823529412,0.9659090909090909,0.933991662453105
0.95,0.05,10,5,at,23,21,44,0,88,0.5227272727272727,1.0,1.0,0.676923076923077,0.6865671641791045,0.7613636363636364,0.5948496901286525
0.95,0.05,10,10,at,24,20,44,0,88,0.5454545454545454,1.0,1.0,0.6875,0.7058823529411764,0.7727272727272727,0.6123724356957945
0.95,0.05,10,15,at,24,20,44,0,88,0.5454545454545454,1.0,1.0,0.6875,0.7058823529411764,0.7727272727272727,0.6123724356957945
0.95,0.05,12,5,at,18,26,44,0,88,0.4090909090909091,1.0,1.0,0.6285714285714286,0.5806451612903226,0.7045454545454546,0.50709255283711
0.95,0.05,12,10,at,18,26,44,0,88,0.4090909090909091,1.0,1.0,0.6285714285714286,0.5806451612903226,0.7045454545454546,0.50709255283711
0.95,0.05,12,15,at,18,26,44,0,88,0.4090909090909091,1.0,1.0,0.6285714285714286,0.5806451612903226,0.7045454545454546,0.50709255283711
0.95,0.1,8,5,at,32,12,44,0,88,0.7272727272727273,1.0,1.0,0.7857142857142857,0.8421052631578948,0.8636363636363636,0.7559289460184545
0.95,0.1,8,10,at,37,7,44,0,88,0.8409090909090909,1.0,1.0,0.8627450980392157,0.9135802469135803,0.9204545454545454,0.8517571227048422
0.95,0.1,8,15,at,42,2,44,0,88,0.9545454545454546,1.0,1.0,0.9565217391304348,0.9767441860465117,0.9772727272727273,0.9555330859059091
0.95,0.1,10,5,at,31,13,44,0,88,0.7045454545454546,1.0,1.0,0.7719298245614035,0.8266666666666667,0.8522727272727273,0.7374684055082001
0.95,0.1,10,10,at,31,13,44,0,88,0.7045454545454546,1.0,1.0,0.7719298245614035,0.8266666666666667,0.8522727272727273,0.7374684055082001
0.95,0.1,10,15,at,31,13,44,0,88,0.7045454545454546,1.0,1.0,0.7719298245614035,0.8266666666666667,0.8522727272727273,0.7374684055082001
0.95,0.1,12,5,at,25,19,44,0,88,0.5681818181818182,1.0,1.0,0.6984126984126984,0.7246376811594203,0.7840909090909091,0.629940788348712
0.95,0.1,12,10,at,25,19,44,0,88,0.5681818181818182,1.0,1.0,0.6984126984126984,0.7246376811594203,0.7840909090909091,0.629940788348712
0.95,0.1,12,15,at,25,19,44,0,88,0.5681818181818182,1.0,1.0,0.6984126984126984,0.7246376811594203,0.7840909090909091,0.629940788348712
0.95,0.15,8,5,at,33,11,44,0,88,0.75,1.0,1.0,0.8,0.8571428571428571,0.875,0.7745966692414834
0.95,0.15,8,10,at,38,6,44,0,88,0.8636363636363636,1.0,1.0,0.88,0.9268292682926829,0.9318181818181818,0.8717797887081348
0.95,0.15,8,15,at,43,1,44,0,88,0.9772727272727273,1.0,1.0,0.9777777777777777,0.9885057471264368,0.9886363636363636,0.9775252199076787
0.95,0.15,10,5,at,31,13,44,0,88,0.7045454545454546,1.0,1.0,0.7719298245614035,0.8266666666666667,0.8522727272727273,0.7374684055082001
0.95,0.15,10,10,at,31,13,44,0,88,0.7045454545454546,1.0,1.0,0.7719298245614035,0.8266666666666667,0.8522727272727273,0.7374684055082001
0.95,0.15,10,15,at,31,13,44,0,88,0.7045454545454546,1.0,1.0,0.7719298245614035,0.8266666666666667,0.8522727272727273,0.7374684055082001
0.95,0.15,12,5,at,25,19,44,0,88,0.5681818181818182,1.0,1.0,0.6984126984126984,0.7246376811594203,0.7840909090909091,0.629940788348712
0.95,0.15,12,10,at,25,19,44,0,88,0.5681818181818182,1.0,1.0,0.6984126984126984,0.7246376811594203,0.7840909090909091,0.629940788348712
0.95,0.15,12,15,at,25,19,44,0,88,0.5681818181818182,1.0,1.0,0.6984126984126984,0.7246376811594203,0.7840909090909091,0.629940788348712
1.0,0.0,8,5,at,25,19,44,0,88,0.5681818181818182,1.0,1.0,0.6984126984126984,0.7246376811594203,0.7840909090909091,0.629940788348712
1.0,0.0,8,10,at,31,13,44,0,88,0.7045454545454546,1.0,1.0,0.7719298245614035,0.8266666666666667,0.8522727272727273,0.7374684055082001
1.0,0.0,8,15,at,41,3,44,0,88,0.9318181818181818,1.0,1.0,0.9361702127659575,0.9647058823529412,0.9659090909090909,0.933991662453105
1.0,0.0,10,5,at,23,21,44,0,88,0.5227272727272727,1.0,1.0,0.676923076923077,0.6865671641791045,0.7613636363636364,0.5948496901286525
1.0,0.0,10,10,at,24,20,44,0,88,0.5454545454545454,1.0,1.0,0.6875,0.7058823529411764,0.7727272727272727,0.6123724356957945
1.0,0.0,10,15,at,24,20,44,0,88,0.5454545454545454,1.0,1.0,0.6875,0.7058823529411764,0.7727272727272727,0.6123724356957945
1.0,0.0,12,5,at,18,26,44,0,88,0.4090909090909091,1.0,1.0,0.6285714285714286,0.5806451612903226,0.7045454545454546,0.50709255283711
1.0,0.0,12,10,at,18,26,44,0,88,0.4090909090909091,1.0,1.0,0.6285714285714286,0.5806451612903226,0.7045454545454546,0.50709255283711
1.0,0.0,12,15,at,18,26,44,0,88,0.4090909090909091,1.0,1.0,0.6285714285714286,0.5806451612903226,0.7045454545454546,0.50709255283711
1.0,0.05,8,5,at,25,19,44,0,88,0.5681818181818182,1.0,1.0,0.6984126984126984,0.7246376811594203,0.7840909090909091,0.629940788348712
1.0,0.05,8,10,at,31,13,44,0,88,0.7045454545454546,1.0,1.0,0.7719298245614035,0.8266666666666667,0.8522727272727273,0.7374684055082001
1.0,0.05,8,15,at,41,3,44,0,88,0.9318181818181818,1.0,1.0,0.9361702127659575,0.9647058823529412,0.9659090909090909,0.933991662453105
1.0,0.05,10,5,at,23,21,44,0,88,0.5227272727272727,1.0,1.0,0.676923076923077,0.6865671641791045,0.7613636363636364,0.5948496901286525
1.0,0.05,10,10,at,24,20,44,0,88,0.5454545454545454,1.0,1.0,0.6875,0.7058823529411764,0.7727272727272727,0.6123724356957945
1.0,0.05,10,15,at,24,20,44,0,88,0.5454545454545454,1.0,1.0,0.6875,0.7058823529411764,0.7727272727272727,0.6123724356957945
1.0,0.05,12,5,at,18,26,44,0,88,0.4090909090909091,1.0,1.0,0.6285714285714286,0.5806451612903226,0.7045454545454546,0.50709255283711
1.0,0.05,12,10,at,18,26,44,0,88,0.4090909090909091,1.0,1.0,0.6285714285714286,0.5806451612903226,0.7045454545454546,0.50709255283711
1.0,0.05,12,15,at,18,26,44,0,88,0.4090909090909091,1.0,1.0,0.6285714285714286,0.5806451612903226,0.7045454545454546,0.50709255283711
1.0,0.1,8,5,at,32,12,44,0,88,0.7272727272727273,1.0,1.0,0.7857142857142857,0.8421052631578948,0.8636363636363636,0.7559289460184545
1.0,0.1,8,10,at,37,7,44,0,88,0.8409090909090909,1.0,1.0,0.8627450980392157,0.9135802469135803,0.9204545454545454,0.8517571227048422
1.0,0.1,8,15,at,42,2,44,0,88,0.9545454545454546,1.0,1.0,0.9565217391304348,0.9767441860465117,0.9772727272727273,0.9555330859059091
1.0,0.1,10,5,at,31,13,44,0,88,0.7045454545454546,1.0,1.0,0.7719298245614035,0.8266666666666667,0.8522727272727273,0.7374684055082001
1.0,0.1,10,10,at,31,13,44,0,88,0.7045454545454546,1.0,1.0,0.7719298245614035,0.8266666666666667,0.8522727272727273,0.7374684055082001
1.0,0.1,10,15,at,31,13,44,0,88,0.7045454545454546,1.0,1.0,0.7719298245614035,0.8266666666666667,0.8522727272727273,0.7374684055082001
1.0,0.1,12,5,at,25,19,44,0,88,0.5681818181818182,1.0,1.0,0.6984126984126984,0.7246376811594203,0.7840909090909091,0.629940788348712
1.0,0.1,12,10,at,25,19,44,0,88,0.5681818181818182,1.0,1.0,0.6984126984126984,0.7246376811594203,0.7840909090909091,0.629940788348712
1.0,0.1,12,15,at,25,19,44,0,88,0.5681818181818182,1.0,1.0,0.6984126984126984,0.7246376811594203,0.7840909090909091,0.629940788348712
1.0,0.15,8,5,at,33,11,44,0,88,0.75,1.0,1.0,0.8,0.8571428571428571,0.875,0.7745966692414834
1.0,0.15,8,10,at,38,6,44,0,88,0.8636363636363636,1.0,1.0,0.88,0.9268292682926829,0.9318181818181818,0.8717797887081348
1.0,0.15,8,15,at,43,1,44,0,88,0.9772727272727273,1.0,1.0,0.9777777777777777,0.9885057471264368,0.9886363636363636,0.9775252199076787
1.0,0.15,10,5,at,31,13,44,0,88,0.7045454545454546,1.0,1.0,0.7719298245614035,0.8266666666666667,0.8522727272727273,0.7374684055082001
1.0,0.15,10,10,at,31,13,44,0,88,0.7045454545454546,1.0,1.0,0.7719298245614035,0.8266666666666667,0.8522727272727273,0.7374684055082001
1.0,0.15,10,15,at,31,13,44,0,88,0.7045454545454546,1.0,1.0,0.7719298245614035,0.8266666666666667,0.8522727272727273,0.7374684055082001
1.0,0.15,12,5,at,25,19,44,0,88,0.5681818181818182,1.0,1.0,0.6984126984126984,0.7246376811594203,0.7840909090909091,0.629940788348712
1.0,0.15,12,10,at,25,19,44,0,88,0.5681818181818182,1.0,1.0,0.6984126984126984,0.7246376811594203,0.7840909090909091,0.629940788348712
1.0,0.15,12,15,at,25,19,44,0,88,0.5681818181818182,1.0,1.0,0.6984126984126984,0.7246376811594203,0.7840909090909091,0.629940788348712
0.85,0.0,8,5,homopolymer,27,17,44,0,88,0.6136363636363636,1.0,1.0,0.7213114754098361,0.7605633802816901,0.8068181818181818,0.6652991438591155
0.85,0.0,8,10,homopolymer,33,11,44,0,88,0.75,1.0,1.0,0.8,0.8571428571428571,0.875,0.7745966692414834
0.85,0.0,8,15,homopolymer,41,3,44,0,88,0.9318181818181818,1.0,1.0,0.9361702127659575,0.9647058823529412,0.9659090909090909,0.933991662453105
0.85,0.0,10,5,homopolymer,25,19,44,0,88,0.5681818181818182,1.0,1.0,0.6984126984126984,0.7246376811594203,0.7840909090909091,0.629940788348712
0.85,0.0,10,10,homopolymer,26,18,44,0,88,0.5909090909090909,1.0,1.0,0.7096774193548387,0.7428571428571429,0.7954545454545454,0.6475761258027333
0.85,0.0,10,15,homopolymer,26,18,44,0,88,0.5909090909090909,1.0,1.0,0.7096774193548387,0.7428571428571429,0.7954545454545454,0.6475761258027333
0.85,0.0,12,5,homopolymer,20,24,44,0,88,0.45454545454545453,1.0,1.0,0.6470588235294118,0.625,0.7272727272727273,0.5423261445466404
0.85,0.0,12,10,homopolymer,20,24,44,0,88,0.45454545454545453,1.0,1.0,0.6470588235294118,0.625,0.7272727272727273,0.5423261445466404
0.85,0.0,12,15,homopolymer,20,24,44,0,88,0.45454545454545453,1.0,1.0,0.6470588235294118,0.625,0.7272727272727273,0.5423261445466404
0.85,0.05,8,5,homopolymer,27,17,44,0,88,0.6136363636363636,1.0,1.0,0.7213114754098361,0.7605633802816901,0.8068181818181818,0.6652991438591155
0.85,0.05,8,10,homopolymer,33,11,44,0,88,0.75,1.0,1.0,0.8,0.8571428571428571,0.875,0.7745966692414834
0.85,0.05,8,15,homopolymer,41,3,44,0,88,0.9318181818181818,1.0,1.0,0.9361702127659575,0.9647058823529412,0.9659090909090909,0.933991662453105
0.85,0.05,10,5,homopolymer,25,19,44,0,88,0.5681818181818182,1.0,1.0,0.6984126984126984,0.7246376811594203,0.7840909090909091,0.629940788348712
0.85,0.05,10,10,homopolymer,26,18,44,0,88,0.5909090909090909,1.0,1.0,0.7096774193548387,0.7428571428571429,0.7954545454545454,0.6475761258027333
0.85,0.05,10,15,homopolymer,26,18,44,0,88,0.5909090909090909,1.0,1.0,0.7096774193548387,0.7428571428571429,0.7954545454545454,0.6475761258027333
0.85,0.05,12,5,homopolymer,20,24,44,0,88,0.45454545454545453,1.0,1.0,0.6470588235294118,0.625,0.7272727272727273,0.5423261445466404
0.85,0.05,12,10,homopolymer,20,24,44,0,88,0.45454545454545453,1.0,1.0,0.6470588235294118,0.625,0.7272727272727273,0.5423261445466404
0.85,0.05,12,15,homopolymer,20,24,44,0,88,0.45454545454545453,1.0,1.0,0.6470588235294118,0.625,0.7272727272727273,0.5423261445466404
0.85,0.1,8,5,homopolymer,37,7,44,0,88,0.8409090909090909,1.0,1.0,0.8627450980392157,0.9135802469135803,0.9204545454545454,0.8517571227048422
0.85,0.1,8,10,homopolymer,42,2,44,0,88,0.9545454545454546,1.0,1.0,0.9565217391304348,0.9767441860465117,0.9772727272727273,0.9555330859059091
0.85,0.1,8,15,homopolymer,42,2,44,0,88,0.9545454545454546,1.0,1.0,0.9565217391304348,0.9767441860465117,0.9772727272727273,0.9555330859059091
0.85,0.1,10,5,homopolymer,37,7,44,0,88,0.8409090909090909,1.0,1.0,0.8627450980392157,0.9135802469135803,0.9204545454545454,0.8517571227048422
0.85,0.1,10,10,homopolymer,37,7,44,0,88,0.8409090909090909,1.0,1.0,0.8627450980392157,0.9135802469135803,0.9204545454545454,0.8517571227048422
0.85,0.1,10,15,homopolymer,37,7,44,0,88,0.8409090909090909,1.0,1.0,0.8627450980392157,0.9135802469135803,0.9204545454545454,0.8517571227048422
0.85,0.1,12,5,homopolymer,31,13,44,0,88,0.7045454545454546,1.0,1.0,0.7719298245614035,0.8266666666666667,0.8522727272727273,0.7374684055082001
0.85,0.1,12,10,homopolymer,31,13,44,0,88,0.7045454545454546,1.0,1.0,0.7719298245614035,0.8266666666666667,0.8522727272727273,0.7374684055082001
0.85,0.1,12,15,homopolymer,31,13,44,0,88,0.7045454545454546,1.0,1.0,0.7719298245614035,0.8266666666666667,0.8522727272727273,0.7374684055082001
0.85,0.15,8,5,homopolymer,43,1,44,0,88,0.9772727272727273,1.0,1.0,0.9777777777777777,0.9885057471264368,0.9886363636363636,0.9775252199076787
0.85,0.15,8,10,homopolymer,43,1,44,0,88,0.9772727272727273,1.0,1.0,0.9777777777777777,0.9885057471264368,0.9886363636363636,0.9775252199076787
0.85,0.15,8,15,homopolymer,43,1,44,0,88,0.9772727272727273,1.0,1.0,0.9777777777777777,0.9885057471264368,0.9886363636363636,0.9775252199076787
0.85,0.15,10,5,homopolymer,38,6,44,0,88,0.8636363636363636,1.0,1.0,0.88,0.9268292682926829,0.9318181818181818,0.8717797887081348
0.85,0.15,10,10,homopolymer,38,6,44,0,88,0.8636363636363636,1.0,1.0,0.88,0.9268292682926829,0.9318181818181818,0.8717797887081348
0.85,0.15,10,15,homopolymer,38,6,44,0,88,0.8636363636363636,1.0,1.0,0.88,0.9268292682926829,0.9318181818181818,0.8717797887081348
0.85,0.15,12,5,homopolymer,32,12,44,0,88,0.7272727272727273,1.0,1.0,0.7857142857142857,0.8421052631578948,0.8636363636363636,0.7559289460184545
0.85,0.15,12,10,homopolymer,32,12,44,0,88,0.7272727272727273,1.0,1.0,0.7857142857142857,0.8421052631578948,0.8636363636363636,0.7559289460184545
0.85,0.15,12,15,homopolymer,32,12,44,0,88,0.7272727272727273,1.0,1.0,0.7857142857142857,0.8421052631578948,0.8636363636363636,0.7559289460184545
0.9,0.0,8,5,homopolymer,27,17,44,0,88,0.6136363636363636,1.0,1.0,0.7213114754098361,0.7605633802816901,0.8068181818181818,0.6652991438591155
0.9,0.0,8,10,homopolymer,33,11,44,0,88,0.75,1.0,1.0,0.8,0.8571428571428571,0.875,0.7745966692414834
0.9,0.0,8,15,homopolymer,41,3,44,0,88,0.9318181818181818,1.0,1.0,0.9361702127659575,0.9647058823529412,0.9659090909090909,0.933991662453105
0.9,0.0,10,5,homopolymer,25,19,44,0,88,0.5681818181818182,1.0,1.0,0.6984126984126984,0.7246376811594203,0.7840909090909091,0.629940788348712
0.9,0.0,10,10,homopolymer,26,18,44,0,88,0.5909090909090909,1.0,1.0,0.7096774193548387,0.7428571428571429,0.7954545454545454,0.6475761258027333
0.9,0.0,10,15,homopolymer,26,18,44,0,88,0.5909090909090909,1.0,1.0,0.7096774193548387,0.7428571428571429,0.7954545454545454,0.6475761258027333
0.9,0.0,12,5,homopolymer,20,24,44,0,88,0.45454545454545453,1.0,1.0,0.6470588235294118,0.625,0.7272727272727273,0.5423261445466404
0.9,0.0,12,10,homopolymer,20,24,44,0,88,0.45454545454545453,1.0,1.0,0.6470588235294118,0.625,0.7272727272727273,0.5423261445466404
0.9,0.0,12,15,homopolymer,20,24,44,0,88,0.45454545454545453,1.0,1.0,0.6470588235294118,0.625,0.7272727272727273,0.5423261445466404
0.9,0.05,8,5,homopolymer,27,17,44,0,88,0.6136363636363636,1.0,1.0,0.7213114754098361,0.7605633802816901,0.8068181818181818,0.6652991438591155
0.9,0.05,8,10,homopolymer,33,11,44,0,88,0.75,1.0,1.0,0.8,0.8571428571428571,0.875,0.7745966692414834
0.9,0.05,8,15,homopolymer,41,3,44,0,88,0.9318181818181818,1.0,1.0,0.9361702127659575,0.9647058823529412,0.9659090909090909,0.933991662453105
0.9,0.05,10,5,homopolymer,25,19,44,0,88,0.5681818181818182,1.0,1.0,0.6984126984126984,0.7246376811594203,0.7840909090909091,0.629940788348712
0.9,0.05,10,10,homopolymer,26,18,44,0,88,0.5909090909090909,1.0,1.0,0.7096774193548387,0.7428571428571429,0.7954545454545454,0.6475761258027333
0.9,0.05,10,15,homopolymer,26,18,44,0,88,0.5909090909090909,1.0,1.0,0.7096774193548387,0.7428571428571429,0.7954545454545454,0.6475761258027333
0.9,0.05,12,5,homopolymer,20,24,44,0,88,0.45454545454545453,1.0,1.0,0.6470588235294118,0.625,0.7272727272727273,0.5423261445466404
0.9,0.05,12,10,homopolymer,20,24,44,0,88,0.45454545454545453,1.0,1.0,0.6470588235294118,0.625,0.7272727272727273,0.5423261445466404
0.9,0.05,12,15,homopolymer,20,24,44,0,88,0.45454545454545453,1.0,1.0,0.6470588235294118,0.625,0.7272727272727273,0.5423261445466404
0.9,0.1,8,5,homopolymer,37,7,44,0,88,0.8409090909090909,1.0,1.0,0.8627450980392157,0.9135802469135803,0.9204545454545454,0.8517571227048422
0.9,0.1,8,10,homopolymer,42,2,44,0,88,0.9545454545454546,1.0,1.0,0.9565217391304348,0.9767441860465117,0.9772727272727273,0.9555330859059091
0.9,0.1,8,15,homopolymer,42,2,44,0,88,0.9545454545454546,1.0,1.0,0.9565217391304348,0.9767441860465117,0.9772727272727273,0.9555330859059091
0.9,0.1,10,5,homopolymer,37,7,44,0,88,0.8409090909090909,1.0,1.0,0.8627450980392157,0.9135802469135803,0.9204545454545454,0.8517571227048422
0.9,0.1,10,10,homopolymer,37,7,44,0,88,0.8409090909090909,1.0,1.0,0.8627450980392157,0.9135802469135803,0.9204545454545454,0.8517571227048422
0.9,0.1,10,15,homopolymer,37,7,44,0,88,0.8409090909090909,1.0,1.0,0.8627450980392157,0.9135802469135803,0.9204545454545454,0.8517571227048422
0.9,0.1,12,5,homopolymer,31,13,44,0,88,0.7045454545454546,1.0,1.0,0.7719298245614035,0.8266666666666667,0.8522727272727273,0.7374684055082001
0.9,0.1,12,10,homopolymer,31,13,44,0,88,0.7045454545454546,1.0,1.0,0.7719298245614035,0.8266666666666667,0.8522727272727273,0.7374684055082001
0.9,0.1,12,15,homopolymer,31,13,44,0,88,0.7045454545454546,1.0,1.0,0.7719298245614035,0.8266666666666667,0.8522727272727273,0.7374684055082001
0.9,0.15,8,5,homopolymer,38,6,44,0,88,0.8636363636363636,1.0,1.0,0.88,0.9268292682926829,0.9318181818181818,0.8717797887081348
0.9,0.15,8,10,homopolymer,43,1,44,0,88,0.9772727272727273,1.0,1.0,0.9777777777777777,0.9885057471264368,0.9886363636363636,0.9775252199076787
0.9,0.15,8,15,homopolymer,43,1,44,0,88,0.9772727272727273,1.0,1.0,0.9777777777777777,0.9885057471264368,0.9886363636363636,0.9775252199076787
0.9,0.15,10,5,homopolymer,38,6,44,0,88,0.8636363636363636,1.0,1.0,0.88,0.9268292682926829,0.9318181818181818,0.8717797887081348
0.9,0.15,10,10,homopolymer,38,6,44,0,88,0.8636363636363636,1.0,1.0,0.88,0.9268292682926829,0.9318181818181818,0.8717797887081348
0.9,0.15,10,15,homopolymer,38,6,44,0,88,0.8636363636363636,1.0,1.0,0.88,0.9268292682926829,0.9318181818181818,0.8717797887081348
0.9,0.15,12,5,homopolymer,32,12,44,0,88,0.7272727272727273,1.0,1.0,0.7857142857142857,0.8421052631578948,0.8636363636363636,0.7559289460184545
0.9,0.15,12,10,homopolymer,32,12,44,0,88,0.7272727272727273,1.0,1.0,0.7857142857142857,0.8421052631578948,0.8636363636363636,0.7559289460184545
0.9,0.15,12,15,homopolymer,32,12,44,0,88,0.7272727272727273,1.0,1.0,0.7857142857142857,0.8421052631578948,0.8636363636363636,0.7559289460184545
0.95,0.0,8,5,homopolymer,25,19,44,0,88,0.5681818181818182,1.0,1.0,0.6984126984126984,0.7246376811594203,0.7840909090909091,0.629940788348712
0.95,0.0,8,10,homopolymer,31,13,44,0,88,0.7045454545454546,1.0,1.0,0.7719298245614035,0.8266666666666667,0.8522727272727273,0.7374684055082001
0.95,0.0,8,15,homopolymer,41,3,44,0,88,0.9318181818181818,1.0,1.0,0.9361702127659575,0.9647058823529412,0.9659090909090909,0.933991662453105
0.95,0.0,10,5,homopolymer,23,21,44,0,88,0.5227272727272727,1.0,1.0,0.676923076923077,0.6865671641791045,0.7613636363636364,0.5948496901286525
0.95,0.0,10,10,homopolymer,24,20,44,0,88,0.5454545454545454,1.0,1.0,0.6875,0.7058823529411764,0.7727272727272727,0.6123724356957945
0.95,0.0,10,15,homopolymer,24,20,44,0,88,0.5454545454545454,1.0,1.0,0.6875,0.7058823529411764,0.7727272727272727,0.6123724356957945
0.95,0.0,12,5,homopolymer,18,26,44,0,88,0.4090909090909091,1.0,1.0,0.6285714285714286,0.5806451612903226,0.7045454545454546,0.50709255283711
0.95,0.0,12,10,homopolymer,18,26,44,0,88,0.4090909090909091,1.0,1.0,0.6285714285714286,0.5806451612903226,0.7045454545454546,0.50709255283711
0.95,0.0,12,15,homopolymer,18,26,44,0,88,0.4090909090909091,1.0,1.0,0.6285714285714286,0.5806451612903226,0.7045454545454546,0.50709255283711
0.95,0.05,8,5,homopolymer,25,19,44,0,88,0.5681818181818182,1.0,1.0,0.6984126984126984,0.7246376811594203,0.7840909090909091,0.629940788348712
0.95,0.05,8,10,homopolymer,31,13,44,0,88,0.7045454545454546,1.0,1.0,0.7719298245614035,0.8266666666666667,0.8522727272727273,0.7374684055082001
0.95,0.05,8,15,homopolymer,41,3,44,0,88,0.9318181818181818,1.0,1.0,0.9361702127659575,0.9647058823529412,0.9659090909090909,0.933991662453105
0.95,0.05,10,5,homopolymer,23,21,44,0,88,0.5227272727272727,1.0,1.0,0.676923076923077,0.6865671641791045,0.7613636363636364,0.5948496901286525
0.95,0.05,10,10,homopolymer,24,20,44,0,88,0.5454545454545454,1.0,1.0,0.6875,0.7058823529411764,0.7727272727272727,0.6123724356957945
0.95,0.05,10,15,homopolymer,24,20,44,0,88,0.5454545454545454,1.0,1.0,0.6875,0.7058823529411764,0.7727272727272727,0.6123724356957945
0.95,0.05,12,5,homopolymer,18,26,44,0,88,0.4090909090909091,1.0,1.0,0.6285714285714286,0.5806451612903226,0.7045454545454546,0.50709255283711
0.95,0.05,12,10,homopolymer,18,26,44,0,88,0.4090909090909091,1.0,1.0,0.6285714285714286,0.5806451612903226,0.7045454545454546,0.50709255283711
0.95,0.05,12,15,homopolymer,18,26,44,0,88,0.4090909090909091,1.0,1.0,0.6285714285714286,0.5806451612903226,0.7045454545454546,0.50709255283711
0.95,0.1,8,5,homopolymer,32,12,44,0,88,0.7272727272727273,1.0,1.0,0.7857142857142857,0.8421052631578948,0.8636363636363636,0.7559289460184545
0.95,0.1,8,10,homopolymer,37,7,44,0,88,0.8409090909090909,1.0,1.0,0.8627450980392157,0.9135802469135803,0.9204545454545454,0.8517571227048422
0.95,0.1,8,15,homopolymer,42,2,44,0,88,0.9545454545454546,1.0,1.0,0.9565217391304348,0.9767441860465117,0.9772727272727273,0.9555330859059091
0.95,0.1,10,5,homopolymer,31,13,44,0,88,0.7045454545454546,1.0,1.0,0.7719298245614035,0.8266666666666667,0.8522727272727273,0.7374684055082001
0.95,0.1,10,10,homopolymer,31,13,44,0,88,0.7045454545454546,1.0,1.0,0.7719298245614035,0.8266666666666667,0.8522727272727273,0.7374684055082001
0.95,0.1,10,15,homopolymer,31,13,44,0,88,0.7045454545454546,1.0,1.0,0.7719298245614035,0.8266666666666667,0.8522727272727273,0.7374684055082001
0.95,0.1,12,5,homopolymer,25,19,44,0,88,0.5681818181818182,1.0,1.0,0.6984126984126984,0.7246376811594203,0.7840909090909091,0.629940788348712
0.95,0.1,12,10,homopolymer,25,19,44,0,88,0.5681818181818182,1.0,1.0,0.6984126984126984,0.7246376811594203,0.7840909090909091,0.629940788348712
0.95,0.1,12,15,homopolymer,25,19,44,0,88,0.5681818181818182,1.0,1.0,0.6984126984126984,0.7246376811594203,0.7840909090909091,0.629940788348712
0.95,0.15,8,5,homopolymer,33,11,44,0,88,0.75,1.0,1.0,0.8,0.8571428571428571,0.875,0.7745966692414834
0.95,0.15,8,10,homopolymer,38,6,44,0,88,0.8636363636363636,1.0,1.0,0.88,0.9268292682926829,0.9318181818181818,0.8717797887081348
0.95,0.15,8,15,homopolymer,43,1,44,0,88,0.9772727272727273,1.0,1.0,0.9777777777777777,0.9885057471264368,0.9886363636363636,0.9775252199076787
0.95,0.15,10,5,homopolymer,31,13,44,0,88,0.7045454545454546,1.0,1.0,0.7719298245614035,0.8266666666666667,0.8522727272727273,0.7374684055082001
0.95,0.15,10,10,homopolymer,31,13,44,0,88,0.7045454545454546,1.0,1.0,0.7719298245614035,0.8266666666666667,0.8522727272727273,0.7374684055082001
0.95,0.15,10,15,homopolymer,31,13,44,0,88,0.7045454545454546,1.0,1.0,0.7719298245614035,0.8266666666666667,0.8522727272727273,0.7374684055082001
0.95,0.15,12,5,homopolymer,25,19,44,0,88,0.5681818181818182,1.0,1.0,0.6984126984126984,0.7246376811594203,0.7840909090909091,0.629940788348712
0.95,0.15,12,10,homopolymer,25,19,44,0,88,0.5681818181818182,1.0,1.0,0.6984126984126984,0.7246376811594203,0.7840909090909091,0.629940788348712
0.95,0.15,12,15,homopolymer,25,19,44,0,88,0.5681818181818182,1.0,1.0,0.6984126984126984,0.7246376811594203,0.7840909090909091,0.629940788348712
1.0,0.0,8,5,homopolymer,25,19,44,0,88,0.5681818181818182,1.0,1.0,0.6984126984126984,0.7246376811594203,0.7840909090909091,0.629940788348712
1.0,0.0,8,10,homopolymer,31,13,44,0,88,0.7045454545454546,1.0,1.0,0.7719298245614035,0.8266666666666667,0.8522727272727273,0.7374684055082001
1.0,0.0,8,15,homopolymer,41,3,44,0,88,0.9318181818181818,1.0,1.0,0.9361702127659575,0.9647058823529412,0.9659090909090909,0.933991662453105
1.0,0.0,10,5,homopolymer,23,21,44,0,88,0.5227272727272727,1.0,1.0,0.676923076923077,0.6865671641791045,0.7613636363636364,0.5948496901286525
1.0,0.0,10,10,homopolymer,24,20,44,0,88,0.5454545454545454,1.0,1.0,0.6875,0.7058823529411764,0.7727272727272727,0.6123724356957945
1.0,0.0,10,15,homopolymer,24,20,44,0,88,0.5454545454545454,1.0,1.0,0.6875,0.7058823529411764,0.7727272727272727,0.6123724356957945
1.0,0.0,12,5,homopolymer,18,26,44,0,88,0.4090909090909091,1.0,1.0,0.6285714285714286,0.5806451612903226,0.7045454545454546,0.50709255283711
1.0,0.0,12,10,homopolymer,18,26,44,0,88,0.4090909090909091,1.0,1.0,0.6285714285714286,0.5806451612903226,0.7045454545454546,0.50709255283711
1.0,0.0,12,15,homopolymer,18,26,44,0,88,0.4090909090909091,1.0,1.0,0.6285714285714286,0.5806451612903226,0.7045454545454546,0.50709255283711
1.0,0.05,8,5,homopolymer,25,19,44,0,88,0.5681818181818182,1.0,1.0,0.6984126984126984,0.7246376811594203,0.7840909090909091,0.629940788348712
1.0,0.05,8,10,homopolymer,31,13,44,0,88,0.7045454545454546,1.0,1.0,0.7719298245614035,0.8266666666666667,0.8522727272727273,0.7374684055082001
1.0,0.05,8,15,homopolymer,41,3,44,0,88,0.9318181818181818,1.0,1.0,0.9361702127659575,0.9647058823529412,0.9659090909090909,0.933991662453105
1.0,0.05,10,5,homopolymer,23,21,44,0,88,0.5227272727272727,1.0,1.0,0.676923076923077,0.6865671641791045,0.7613636363636364,0.5948496901286525
1.0,0.05,10,10,homopolymer,24,20,44,0,88,0.5454545454545454,1.0,1.0,0.6875,0.7058823529411764,0.7727272727272727,0.6123724356957945
1.0,0.05,10,15,homopolymer,24,20,44,0,88,0.5454545454545454,1.0,1.0,0.6875,0.7058823529411764,0.7727272727272727,0.6123724356957945
1.0,0.05,12,5,homopolymer,18,26,44,0,88,0.4090909090909091,1.0,1.0,0.6285714285714286,0.5806451612903226,0.7045454545454546,0.50709255283711
1.0,0.05,12,10,homopolymer,18,26,44,0,88,0.4090909090909091,1.0,1.0,0.6285714285714286,0.5806451612903226,0.7045454545454546,0.50709255283711
1.0,0.05,12,15,homopolymer,18,26,44,0,88,0.4090909090909091,1.0,1.0,0.6285714285714286,0.5806451612903226,0.7045454545454546,0.50709255283711
1.0,0.1,8,5,homopolymer,32,12,44,0,88,0.7272727272727273,1.0,1.0,0.7857142857142857,0.8421052631578948,0.8636363636363636,0.7559289460184545
1.0,0.1,8,10,homopolymer,37,7,44,0,88,0.8409090909090909,1.0,1.0,0.8627450980392157,0.9135802469135803,0.9204545454545454,0.8517571227048422
1.0,0.1,8,15,homopolymer,42,2,44,0,88,0.9545454545454546,1.0,1.0,0.9565217391304348,0.9767441860465117,0.9772727272727273,0.9555330859059091
1.0,0.1,10,5,homopolymer,31,13,44,0,88,0.7045454545454546,1.0,1.0,0.7719298245614035,0.8266666666666667,0.8522727272727273,0.7374684055082001
1.0,0.1,10,10,homopolymer,31,13,44,0,88,0.7045454545454546,1.0,1.0,0.7719298245614035,0.8266666666666667,0.8522727272727273,0.7374684055082001
1.0,0.1,10,15,homopolymer,31,13,44,0,88,0.7045454545454546,1.0,1.0,0.7719298245614035,0.8266666666666667,0.8522727272727273,0.7374684055082001
1.0,0.1,12,5,homopolymer,25,19,44,0,88,0.5681818181818182,1.0,1.0,0.6984126984126984,0.7246376811594203,0.7840909090909091,0.629940788348712
1.0,0.1,12,10,homopolymer,25,19,44,0,88,0.5681818181818182,1.0,1.0,0.6984126984126984,0.7246376811594203,0.7840909090909091,0.629940788348712
1.0,0.1,12,15,homopolymer,25,19,44,0,88,0.5681818181818182,1.0,1.0,0.6984126984126984,0.7246376811594203,0.7840909090909091,0.629940788348712
1.0,0.15,8,5,homopolymer,33,11,44,0,88,0.75,1.0,1.0,0.8,0.8571428571428571,0.875,0.7745966692414834
1.0,0.15,8,10,homopolymer,38,6,44,0,88,0.8636363636363636,1.0,1.0,0.88,0.9268292682926829,0.9318181818181818,0.8717797887081348
1.0,0.15,8,15,homopolymer,43,1,44,0,88,0.9772727272727273,1.0,1.0,0.9777777777777777,0.9885057471264368,0.9886363636363636,0.9775252199076787
1.0,0.15,10,5,homopolymer,31,13,44,0,88,0.7045454545454546,1.0,1.0,0.7719298245614035,0.8266666666666667,0.8522727272727273,0.7374684055082001
1.0,0.15,10,10,homopolymer,31,13,44,0,88,0.7045454545454546,1.0,1.0,0.7719298245614035,0.8266666666666667,0.8522727272727273,0.7374684055082001
1.0,0.15,10,15,homopolymer,31,13,44,0,88,0.7045454545454546,1.0,1.0,0.7719298245614035,0.8266666666666667,0.8522727272727273,0.7374684055082001
1.0,0.15,12,5,homopolymer,25,19,44,0,88,0.5681818181818182,1.0,1.0,0.6984126984126984,0.7246376811594203,0.7840909090909091,0.629940788348712
1.0,0.15,12,10,homopolymer,25,19,44,0,88,0.5681818181818182,1.0,1.0,0.6984126984126984,0.7246376811594203,0.7840909090909091,0.629940788348712
1.0,0.15,12,15,homopolymer,25,19,44,0,88,0.5681818181818182,1.0,1.0,0.6984126984126984,0.7246376811594203,0.7840909090909091,0.629940788348712
0.85,0.0,8,5,both,27,17,44,0,88,0.6136363636363636,1.0,1.0,0.7213114754098361,0.7605633802816901,0.8068181818181818,0.6652991438591155
0.85,0.0,8,10,both,33,11,44,0,88,0.75,1.0,1.0,0.8,0.8571428571428571,0.875,0.7745966692414834
0.85,0.0,8,15,both,41,3,44,0,88,0.9318181818181818,1.0,1.0,0.9361702127659575,0.9647058823529412,0.9659090909090909,0.933991662453105
0.85,0.0,10,5,both,25,19,44,0,88,0.5681818181818182,1.0,1.0,0.6984126984126984,0.7246376811594203,0.7840909090909091,0.629940788348712
0.85,0.0,10,10,both,26,18,44,0,88,0.5909090909090909,1.0,1.0,0.7096774193548387,0.7428571428571429,0.7954545454545454,0.6475761258027333
0.85,0.0,10,15,both,26,18,44,0,88,0.5909090909090909,1.0,1.0,0.7096774193548387,0.7428571428571429,0.7954545454545454,0.6475761258027333
0.85,0.0,12,5,both,20,24,44,0,88,0.45454545454545453,1.0,1.0,0.6470588235294118,0.625,0.7272727272727273,0.5423261445466404
0.85,0.0,12,10,both,20,24,44,0,88,0.45454545454545453,1.0,1.0,0.6470588235294118,0.625,0.7272727272727273,0.5423261445466404
0.85,0.0,12,15,both,20,24,44,0,88,0.45454545454545453,1.0,1.0,0.6470588235294118,0.625,0.7272727272727273,0.5423261445466404
0.85,0.05,8,5,both,27,17,44,0,88,0.6136363636363636,1.0,1.0,0.7213114754098361,0.7605633802816901,0.8068181818181818,0.6652991438591155
0.85,0.05,8,10,both,33,11,44,0,88,0.75,1.0,1.0,0.8,0.8571428571428571,0.875,0.7745966692414834
0.85,0.05,8,15,both,41,3,44,0,88,0.9318181818181818,1.0,1.0,0.9361702127659575,0.9647058823529412,0.9659090909090909,0.933991662453105
0.85,0.05,10,5,both,25,19,44,0,88,0.5681818181818182,1.0,1.0,0.6984126984126984,0.7246376811594203,0.7840909090909091,0.629940788348712
0.85,0.05,10,10,both,26,18,44,0,88,0.5909090909090909,1.0,1.0,0.7096774193548387,0.7428571428571429,0.7954545454545454,0.6475761258027333
0.85,0.05,10,15,both,26,18,44,0,88,0.5909090909090909,1.0,1.0,0.7096774193548387,0.7428571428571429,0.7954545454545454,0.6475761258027333
0.85,0.05,12,5,both,20,24,44,0,88,0.45454545454545453,1.0,1.0,0.6470588235294118,0.625,0.7272727272727273,0.5423261445466404
0.85,0.05,12,10,both,20,24,44,0,88,0.45454545454545453,1.0,1.0,0.6470588235294118,0.625,0.7272727272727273,0.5423261445466404
0.85,0.05,12,15,both,20,24,44,0,88,0.45454545454545453,1.0,1.0,0.6470588235294118,0.625,0.7272727272727273,0.5423261445466404
0.85,0.1,8,5,both,37,7,44,0,88,0.8409090909090909,1.0,1.0,0.8627450980392157,0.9135802469135803,0.9204545454545454,0.8517571227048422
0.85,0.1,8,10,both,42,2,44,0,88,0.9545454545454546,1.0,1.0,0.9565217391304348,0.9767441860465117,0.9772727272727273,0.9555330859059091
0.85,0.1,8,15,both,42,2,44,0,88,0.9545454545454546,1.0,1.0,0.9565217391304348,0.9767441860465117,0.9772727272727273,0.9555330859059091
0.85,0.1,10,5,both,37,7,44,0,88,0.8409090909090909,1.0,1.0,0.8627450980392157,0.9135802469135803,0.9204545454545454,0.8517571227048422
0.85,0.1,10,10,both,37,7,44,0,88,0.8409090909090909,1.0,1.0,0.8627450980392157,0.9135802469135803,0.9204545454545454,0.8517571227048422
0.85,0.1,10,15,both,37,7,44,0,88,0.8409090909090909,1.0,1.0,0.8627450980392157,0.9135802469135803,0.9204545454545454,0.8517571227048422
0.85,0.1,12,5,both,31,13,44,0,88,0.7045454545454546,1.0,1.0,0.7719298245614035,0.8266666666666667,0.8522727272727273,0.7374684055082001
0.85,0.1,12,10,both,31,13,44,0,88,0.7045454545454546,1.0,1.0,0.7719298245614035,0.8266666666666667,0.8522727272727273,0.7374684055082001
0.85,0.1,12,15,both,31,13,44,0,88,0.7045454545454546,1.0,1.0,0.7719298245614035,0.8266666666666667,0.8522727272727273,0.7374684055082001
0.85,0.15,8,5,both,43,1,44,0,88,0.9772727272727273,1.0,1.0,0.9777777777777777,0.9885057471264368,0.9886363636363636,0.9775252199076787
0.85,0.15,8,10,both,43,1,44,0,88,0.9772727272727273,1.0,1.0,0.9777777777777777,0.9885057471264368,0.9886363636363636,0.9775252199076787
0.85,0.15,8,15,both,43,1,44,0,88,0.9772727272727273,1.0,1.0,0.9777777777777777,0.9885057471264368,0.9886363636363636,0.9775252199076787
0.85,0.15,10,5,both,38,6,44,0,88,0.8636363636363636,1.0,1.0,0.88,0.9268292682926829,0.9318181818181818,0.8717797887081348
0.85,0.15,10,10,both,38,6,44,0,88,0.8636363636363636,1.0,1.0,0.88,0.9268292682926829,0.9318181818181818,0.8717797887081348
0.85,0.15,10,15,both,38,6,44,0,88,0.8636363636363636,1.0,1.0,0.88,0.9268292682926829,0.9318181818181818,0.8717797887081348
0.85,0.15,12,5,both,32,12,44,0,88,0.7272727272727273,1.0,1.0,0.7857142857142857,0.8421052631578948,0.8636363636363636,0.7559289460184545
0.85,0.15,12,10,both,32,12,44,0,88,0.7272727272727273,1.0,1.0,0.7857142857142857,0.8421052631578948,0.8636363636363636,0.7559289460184545
0.85,0.15,12,15,both,32,12,44,0,88,0.7272727272727273,1.0,1.0,0.7857142857142857,0.8421052631578948,0.8636363636363636,0.7559289460184545
0.9,0.0,8,5,both,27,17,44,0,88,0.6136363636363636,1.0,1.0,0.7213114754098361,0.7605633802816901,0.8068181818181818,0.6652991438591155
0.9,0.0,8,10,both,33,11,44,0,88,0.75,1.0,1.0,0.8,0.8571428571428571,0.875,0.7745966692414834
0.9,0.0,8,15,both,41,3,44,0,88,0.9318181818181818,1.0,1.0,0.9361702127659575,0.9647058823529412,0.9659090909090909,0.933991662453105
0.9,0.0,10,5,both,25,19,44,0,88,0.5681818181818182,1.0,1.0,0.6984126984126984,0.7246376811594203,0.7840909090909091,0.629940788348712
0.9,0.0,10,10,both,26,18,44,0,88,0.5909090909090909,1.0,1.0,0.7096774193548387,0.7428571428571429,0.7954545454545454,0.6475761258027333
0.9,0.0,10,15,both,26,18,44,0,88,0.5909090909090909,1.0,1.0,0.7096774193548387,0.7428571428571429,0.7954545454545454,0.6475761258027333
0.9,0.0,12,5,both,20,24,44,0,88,0.45454545454545453,1.0,1.0,0.6470588235294118,0.625,0.7272727272727273,0.5423261445466404
0.9,0.0,12,10,both,20,24,44,0,88,0.45454545454545453,1.0,1.0,0.6470588235294118,0.625,0.7272727272727273,0.5423261445466404
0.9,0.0,12,15,both,20,24,44,0,88,0.45454545454545453,1.0,1.0,0.6470588235294118,0.625,0.7272727272727273,0.5423261445466404
0.9,0.05,8,5,both,27,17,44,0,88,0.6136363636363636,1.0,1.0,0.7213114754098361,0.7605633802816901,0.8068181818181818,0.6652991438591155
0.9,0.05,8,10,both,33,11,44,0,88,0.75,1.0,1.0,0.8,0.8571428571428571,0.875,0.7745966692414834
0.9,0.05,8,15,both,41,3,44,0,88,0.9318181818181818,1.0,1.0,0.9361702127659575,0.9647058823529412,0.9659090909090909,0.933991662453105
0.9,0.05,10,5,both,25,19,44,0,88,0.5681818181818182,1.0,1.0,0.6984126984126984,0.7246376811594203,0.7840909090909091,0.629940788348712
0.9,0.05,10,10,both,26,18,44,0,88,0.5909090909090909,1.0,1.0,0.7096774193548387,0.7428571428571429,0.7954545454545454,0.6475761258027333
0.9,0.05,10,15,both,26,18,44,0,88,0.5909090909090909,1.0,1.0,0.7096774193548387,0.7428571428571429,0.7954545454545454,0.6475761258027333
0.9,0.05,12,5,both,20,24,44,0,88,0.45454545454545453,1.0,1.0,0.6470588235294118,0.625,0.7272727272727273,0.5423261445466404
0.9,0.05,12,10,both,20,24,44,0,88,0.45454545454545453,1.0,1.0,0.6470588235294118,0.625,0.7272727272727273,0.5423261445466404
0.9,0.05,12,15,both,20,24,44,0,88,0.45454545454545453,1.0,1.0,0.6470588235294118,0.625,0.7272727272727273,0.5423261445466404
0.9,0.1,8,5,both,37,7,44,0,88,0.8409090909090909,1.0,1.0,0.8627450980392157,0.9135802469135803,0.9204545454545454,0.8517571227048422
0.9,0.1,8,10,both,42,2,44,0,88,0.9545454545454546,1.0,1.0,0.9565217391304348,0.9767441860465117,0.9772727272727273,0.9555330859059091
0.9,0.1,8,15,both,42,2,44,0,88,0.9545454545454546,1.0,1.0,0.9565217391304348,0.9767441860465117,0.9772727272727273,0.9555330859059091
0.9,0.1,10,5,both,37,7,44,0,88,0.8409090909090909,1.0,1.0,0.8627450980392157,0.9135802469135803,0.9204545454545454,0.8517571227048422
0.9,0.1,10,10,both,37,7,44,0,88,0.8409090909090909,1.0,1.0,0.8627450980392157,0.9135802469135803,0.9204545454545454,0.8517571227048422
0.9,0.1,10,15,both,37,7,44,0,88,0.8409090909090909,1.0,1.0,0.8627450980392157,0.9135802469135803,0.9204545454545454,0.8517571227048422
0.9,0.1,12,5,both,31,13,44,0,88,0.7045454545454546,1.0,1.0,0.7719298245614035,0.8266666666666667,0.8522727272727273,0.7374684055082001
0.9,0.1,12,10,both,31,13,44,0,88,0.7045454545454546,1.0,1.0,0.7719298245614035,0.8266666666666667,0.8522727272727273,0.7374684055082001
0.9,0.1,12,15,both,31,13,44,0,88,0.7045454545454546,1.0,1.0,0.7719298245614035,0.8266666666666667,0.8522727272727273,0.7374684055082001
0.9,0.15,8,5,both,38,6,44,0,88,0.8636363636363636,1.0,1.0,0.88,0.9268292682926829,0.9318181818181818,0.8717797887081348
0.9,0.15,8,10,both,43,1,44,0,88,0.9772727272727273,1.0,1.0,0.9777777777777777,0.9885057471264368,0.9886363636363636,0.9775252199076787
0.9,0.15,8,15,both,43,1,44,0,88,0.9772727272727273,1.0,1.0,0.9777777777777777,0.9885057471264368,0.9886363636363636,0.9775252199076787
0.9,0.15,10,5,both,38,6,44,0,88,0.8636363636363636,1.0,1.0,0.88,0.9268292682926829,0.9318181818181818,0.8717797887081348
0.9,0.15,10,10,both,38,6,44,0,88,0.8636363636363636,1.0,1.0,0.88,0.9268292682926829,0.9318181818181818,0.8717797887081348
0.9,0.15,10,15,both,38,6,44,0,88,0.8636363636363636,1.0,1.0,0.88,0.9268292682926829,0.9318181818181818,0.8717797887081348
0.9,0.15,12,5,both,32,12,44,0,88,0.7272727272727273,1.0,1.0,0.7857142857142857,0.8421052631578948,0.8636363636363636,0.7559289460184545
0.9,0.15,12,10,both,32,12,44,0,88,0.7272727272727273,1.0,1.0,0.7857142857142857,0.8421052631578948,0.8636363636363636,0.7559289460184545
0.9,0.15,12,15,both,32,12,44,0,88,0.7272727272727273,1.0,1.0,0.7857142857142857,0.8421052631578948,0.8636363636363636,0.7559289460184545
0.95,0.0,8,5,both,25,19,44,0,88,0.5681818181818182,1.0,1.0,0.6984126984126984,0.7246376811594203,0.7840909090909091,0.629940788348712
0.95,0.0,8,10,both,31,13,44,0,88,0.7045454545454546,1.0,1.0,0.7719298245614035,0.8266666666666667,0.8522727272727273,0.7374684055082001
0.95,0.0,8,15,both,41,3,44,0,88,0.9318181818181818,1.0,1.0,0.9361702127659575,0.9647058823529412,0.9659090909090909,0.933991662453105
0.95,0.0,10,5,both,23,21,44,0,88,0.5227272727272727,1.0,1.0,0.676923076923077,0.6865671641791045,0.7613636363636364,0.5948496901286525
0.95,0.0,10,10,both,24,20,44,0,88,0.5454545454545454,1.0,1.0,0.6875,0.7058823529411764,0.7727272727272727,0.6123724356957945
0.95,0.0,10,15,both,24,20,44,0,88,0.5454545454545454,1.0,1.0,0.6875,0.7058823529411764,0.7727272727272727,0.6123724356957945
0.95,0.0,12,5,both,18,26,44,0,88,0.4090909090909091,1.0,1.0,0.6285714285714286,0.5806451612903226,0.7045454545454546,0.50709255283711
0.95,0.0,12,10,both,18,26,44,0,88,0.4090909090909091,1.0,1.0,0.6285714285714286,0.5806451612903226,0.7045454545454546,0.50709255283711
0.95,0.0,12,15,both,18,26,44,0,88,0.4090909090909091,1.0,1.0,0.6285714285714286,0.5806451612903226,0.7045454545454546,0.50709255283711
0.95,0.05,8,5,both,25,19,44,0,88,0.5681818181818182,1.0,1.0,0.6984126984126984,0.7246376811594203,0.7840909090909091,0.629940788348712
0.95,0.05,8,10,both,31,13,44,0,88,0.7045454545454546,1.0,1.0,0.7719298245614035,0.8266666666666667,0.8522727272727273,0.7374684055082001
0.95,0.05,8,15,both,41,3,44,0,88,0.9318181818181818,1.0,1.0,0.9361702127659575,0.9647058823529412,0.9659090909090909,0.933991662453105
0.95,0.05,10,5,both,23,21,44,0,88,0.5227272727272727,1.0,1.0,0.676923076923077,0.6865671641791045,0.7613636363636364,0.5948496901286525
0.95,0.05,10,10,both,24,20,44,0,88,0.5454545454545454,1.0,1.0,0.6875,0.7058823529411764,0.7727272727272727,0.6123724356957945
0.95,0.05,10,15,both,24,20,44,0,88,0.5454545454545454,1.0,1.0,0.6875,0.7058823529411764,0.7727272727272727,0.6123724356957945
0.95,0.05,12,5,both,18,26,44,0,88,0.4090909090909091,1.0,1.0,0.6285714285714286,0.5806451612903226,0.7045454545454546,0.50709255283711
0.95,0.05,12,10,both,18,26,44,0,88,0.4090909090909091,1.0,1.0,0.6285714285714286,0.5806451612903226,0.7045454545454546,0.50709255283711
0.95,0.05,12,15,both,18,26,44,0,88,0.4090909090909091,1.0,1.0,0.6285714285714286,0.5806451612903226,0.7045454545454546,0.50709255283711
0.95,0.1,8,5,both,32,12,44,0,88,0.7272727272727273,1.0,1.0,0.7857142857142857,0.8421052631578948,0.8636363636363636,0.7559289460184545
0.95,0.1,8,10,both,37,7,44,0,88,0.8409090909090909,1.0,1.0,0.8627450980392157,0.9135802469135803,0.9204545454545454,0.8517571227048422
0.95,0.1,8,15,both,42,2,44,0,88,0.9545454545454546,1.0,1.0,0.9565217391304348,0.9767441860465117,0.9772727272727273,0.9555330859059091
0.95,0.1,10,5,both,31,13,44,0,88,0.7045454545454546,1.0,1.0,0.7719298245614035,0.8266666666666667,0.8522727272727273,0.7374684055082001
0.95,0.1,10,10,both,31,13,44,0,88,0.7045454545454546,1.0,1.0,0.7719298245614035,0.8266666666666667,0.8522727272727273,0.7374684055082001
0.95,0.1,10,15,both,31,13,44,0,88,0.7045454545454546,1.0,1.0,0.7719298245614035,0.8266666666666667,0.8522727272727273,0.7374684055082001
0.95,0.1,12,5,both,25,19,44,0,88,0.5681818181818182,1.0,1.0,0.6984126984126984,0.7246376811594203,0.7840909090909091,0.629940788348712
0.95,0.1,12,10,both,25,19,44,0,88,0.5681818181818182,1.0,1.0,0.6984126984126984,0.7246376811594203,0.7840909090909091,0.629940788348712
0.95,0.1,12,15,both,25,19,44,0,88,0.5681818181818182,1.0,1.0,0.6984126984126984,0.7246376811594203,0.7840909090909091,0.629940788348712
0.95,0.15,8,5,both,33,11,44,0,88,0.75,1.0,1.0,0.8,0.8571428571428571,0.875,0.7745966692414834
0.95,0.15,8,10,both,38,6,44,0,88,0.8636363636363636,1.0,1.0,0.88,0.9268292682926829,0.9318181818181818,0.8717797887081348
0.95,0.15,8,15,both,43,1,44,0,88,0.9772727272727273,1.0,1.0,0.9777777777777777,0.9885057471264368,0.9886363636363636,0.9775252199076787
0.95,0.15,10,5,both,31,13,44,0,88,0.7045454545454546,1.0,1.0,0.7719298245614035,0.8266666666666667,0.8522727272727273,0.7374684055082001
0.95,0.15,10,10,both,31,13,44,0,88,0.7045454545454546,1.0,1.0,0.7719298245614035,0.8266666666666667,0.8522727272727273,0.7374684055082001
0.95,0.15,10,15,both,31,13,44,0,88,0.7045454545454546,1.0,1.0,0.7719298245614035,0.8266666666666667,0.8522727272727273,0.7374684055082001
0.95,0.15,12,5,both,25,19,44,0,88,0.5681818181818182,1.0,1.0,0.6984126984126984,0.7246376811594203,0.7840909090909091,0.629940788348712
0.95,0.15,12,10,both,25,19,44,0,88,0.5681818181818182,1.0,1.0,0.6984126984126984,0.7246376811594203,0.7840909090909091,0.629940788348712
0.95,0.15,12,15,both,25,19,44,0,88,0.5681818181818182,1.0,1.0,0.6984126984126984,0.7246376811594203,0.7840909090909091,0.629940788348712
1.0,0.0,8,5,both,25,19,44,0,88,0.5681818181818182,1.0,1.0,0.6984126984126984,0.7246376811594203,0.7840909090909091,0.629940788348712
1.0,0.0,8,10,both,31,13,44,0,88,0.7045454545454546,1.0,1.0,0.7719298245614035,0.8266666666666667,0.8522727272727273,0.7374684055082001
1.0,0.0,8,15,both,41,3,44,0,88,0.9318181818181818,1.0,1.0,0.9361702127659575,0.9647058823529412,0.9659090909090909,0.933991662453105
1.0,0.0,10,5,both,23,21,44,0,88,0.5227272727272727,1.0,1.0,0.676923076923077,0.6865671641791045,0.7613636363636364,0.5948496901286525
1.0,0.0,10,10,both,24,20,44,0,88,0.5454545454545454,1.0,1.0,0.6875,0.7058823529411764,0.7727272727272727,0.6123724356957945
1.0,0.0,10,15,both,24,20,44,0,88,0.5454545454545454,1.0,1.0,0.6875,0.7058823529411764,0.7727272727272727,0.6123724356957945
1.0,0.0,12,5,both,18,26,44,0,88,0.4090909090909091,1.0,1.0,0.6285714285714286,0.5806451612903226,0.7045454545454546,0.50709255283711
1.0,0.0,12,10,both,18,26,44,0,88,0.4090909090909091,1.0,1.0,0.6285714285714286,0.5806451612903226,0.7045454545454546,0.50709255283711
1.0,0.0,12,15,both,18,26,44,0,88,0.4090909090909091,1.0,1.0,0.6285714285714286,0.5806451612903226,0.7045454545454546,0.50709255283711
1.0,0.05,8,5,both,25,19,44,0,88,0.5681818181818182,1.0,1.0,0.6984126984126984,0.7246376811594203,0.7840909090909091,0.629940788348712
1.0,0.05,8,10,both,31,13,44,0,88,0.7045454545454546,1.0,1.0,0.7719298245614035,0.8266666666666667,0.8522727272727273,0.7374684055082001
1.0,0.05,8,15,both,41,3,44,0,88,0.9318181818181818,1.0,1.0,0.9361702127659575,0.9647058823529412,0.9659090909090909,0.933991662453105
1.0,0.05,10,5,both,23,21,44,0,88,0.5227272727272727,1.0,1.0,0.676923076923077,0.6865671641791045,0.7613636363636364,0.5948496901286525
1.0,0.05,10,10,both,24,20,44,0,88,0.5454545454545454,1.0,1.0,0.6875,0.7058823529411764,0.7727272727272727,0.6123724356957945
1.0,0.05,10,15,both,24,20,44,0,88,0.5454545454545454,1.0,1.0,0.6875,0.7058823529411764,0.7727272727272727,0.6123724356957945
1.0,0.05,12,5,both,18,26,44,0,88,0.4090909090909091,1.0,1.0,0.6285714285714286,0.5806451612903226,0.7045454545454546,0.50709255283711
1.0,0.05,12,10,both,18,26,44,0,88,0.4090909090909091,1.0,1.0,0.6285714285714286,0.5806451612903226,0.7045454545454546,0.50709255283711
1.0,0.05,12,15,both,18,26,44,0,88,0.4090909090909091,1.0,1.0,0.6285714285714286,0.5806451612903226,0.7045454545454546,0.50709255283711
1.0,0.1,8,5,both,32,12,44,0,88,0.7272727272727273,1.0,1.0,0.7857142857142857,0.8421052631578948,0.8636363636363636,0.7559289460184545
1.0,0.1,8,10,both,37,7,44,0,88,0.8409090909090909,1.0,1.0,0.8627450980392157,0.9135802469135803,0.9204545454545454,0.8517571227048422
1.0,0.1,8,15,both,42,2,44,0,88,0.9545454545454546,1.0,1.0,0.9565217391304348,0.9767441860465117,0.9772727272727273,0.9555330859059091
1.0,0.1,10,5,both,31,13,44,0,88,0.7045454545454546,1.0,1.0,0.7719298245614035,0.8266666666666667,0.8522727272727273,0.7374684055082001
1.0,0.1,10,10,both,31,13,44,0,88,0.7045454545454546,1.0,1.0,0.7719298245614035,0.8266666666666667,0.8522727272727273,0.7374684055082001
1.0,0.1,10,15,both,31,13,44,0,88,0.7045454545454546,1.0,1.0,0.7719298245614035,0.8266666666666667,0.8522727272727273,0.7374684055082001
1.0,0.1,12,5,both,25,19,44,0,88,0.5681818181818182,1.0,1.0,0.6984126984126984,0.7246376811594203,0.7840909090909091,0.629940788348712
1.0,0.1,12,10,both,25,19,44,0,88,0.5681818181818182,1.0,1.0,0.6984126984126984,0.7246376811594203,0.7840909090909091,0.629940788348712
1.0,0.1,12,15,both,25,19,44,0,88,0.5681818181818182,1.0,1.0,0.6984126984126984,0.7246376811594203,0.7840909090909091,0.629940788348712
1.0,0.15,8,5,both,33,11,44,0,88,0.75,1.0,1.0,0.8,0.8571428571428571,0.875,0.7745966692414834
1.0,0.15,8,10,both,38,6,44,0,88,0.8636363636363636,1.0,1.0,0.88,0.9268292682926829,0.9318181818181818,0.8717797887081348
1.0,0.15,8,15,both,43,1,44,0,88,0.9772727272727273,1.0,1.0,0.9777777777777777,0.9885057471264368,0.9886363636363636,0.9775252199076787
1.0,0.15,10,5,both,31,13,44,0,88,0.7045454545454546,1.0,1.0,0.7719298245614035,0.8266666666666667,0.8522727272727273,0.7374684055082001
1.0,0.15,10,10,both,31,13,44,0,88,0.7045454545454546,1.0,1.0,0.7719298245614035,0.8266666666666667,0.8522727272727273,0.7374684055082001
1.0,0.15,10,15,both,31,13,44,0,88,0.7045454545454546,1.0,1.0,0.7719298245614035,0.8266666666666667,0.8522727272727273,0.7374684055082001
1.0,0.15,12,5,both,25,19,44,0,88,0.5681818181818182,1.0,1.0,0.6984126984126984,0.7246376811594203,0.7840909090909091,0.629940788348712
1.0,0.15,12,10,both,25,19,44,0,88,0.5681818181818182,1.0,1.0,0.6984126984126984,0.7246376811594203,0.7840909090909091,0.629940788348712
1.0,0.15,12,15,both,25,19,44,0,88,0.5681818181818182,1.0,1.0,0.6984126984126984,0.7246376811594203,0.7840909090909091,0.629940788348712
