record_id,label,record_type,family_in_train,study_in_train,synthetic_source_in_train,nearest_train_record,nearest_train_identity,near_duplicate_ge_0.90
HDNA0002,forming,experimental,True,True,False,HDNA0003,0.9688,True
HDNA0005,forming,experimental,True,True,False,HDNA0001,0.9688,True
HDNA0006,forming,experimental,True,True,False,HDNA0007,0.9688,True
HDNA0011,forming,experimental,True,True,False,HDNA0001,0.9688,True
HDNA0014,forming,experimental,True,True,False,HDNA0001,0.9688,True
HDNA0016,forming,experimental,True,True,False,HDNA0004,0.9688,True
HDNA0017,forming,experimental,True,True,False,HDNA0018,0.7358,False
HDNA0019,forming,experimental,False,True,False,HDNA0018,0.8868,False
HDNA0021,non-forming,experimental,True,True,False,SYN0033,0.26,False
HDNA0023,forming,experimental,False,True,False,SYN0028,0.3333,False
HDNA0028,non-forming,experimental,False,True,False,HDNA0027,0.9394,True
HDNA0042,forming,experimental,True,True,False,HDNA0043,0.9259,True
HDNA0047,forming,experimental,False,True,False,SYN0011,0.8065,False
HDNA0048,forming,experimental,False,True,False,HDNA0027,0.2121,False
HDNA0050,forming,experimental,False,True,False,HDNA0051,0.5,False
HDNA0063,forming,experimental,False,True,False,,0.0,False
HDNA0064,forming,experimental,False,False,False,SYN0033,0.12,False
HDNA0065,forming,experimental,False,False,False,,0.0,False
HDNA0067,forming,experimental,False,True,False,HDNA0027,0.1818,False
HDNA0068,forming,experimental,False,True,False,SYN0033,0.3,False
HDNA0072,forming,experimental,False,True,False,HDNA0003,0.5312,False
HDNA0075,forming,experimental,False,False,False,SYN0035,0.0909,False
SYN0002,non-forming,synthetic,True,True,True,SYN0013,0.8125,False
SYN0003,non-forming,synthetic,True,True,False,SYN0009,0.8438,False
SYN0004,non-forming,synthetic,True,True,True,HDNA0009,0.8125,False
SYN0006,non-forming,synthetic,True,True,True,HDNA0013,0.7812,False
SYN0014,non-forming,synthetic,True,True,True,HDNA0009,0.7812,False
SYN0016,non-forming,synthetic,False,True,False,HDNA0027,0.2424,False
SYN0027,non-forming,synthetic,False,True,True,HDNA0078,0.4865,False
SYN0032,non-forming,synthetic,True,True,False,SYN0063,0.3438,False
SYN0034,non-forming,synthetic,True,True,True,SYN0026,0.5,False
SYN0038,non-forming,synthetic,True,True,False,SYN0040,0.3438,False
SYN0042,non-forming,synthetic,True,True,False,,0.0,False
SYN0043,non-forming,synthetic,True,True,False,HDNA0069,0.5455,False
SYN0046,non-forming,synthetic,True,True,False,,0.0,False
SYN0050,non-forming,synthetic,True,True,False,,0.0,False
SYN0051,non-forming,synthetic,True,True,False,SYN0049,0.2,False
SYN0052,non-forming,synthetic,True,True,False,,0.0,False
SYN0059,non-forming,synthetic,True,True,False,SYN0057,0.2308,False
SYN0060,non-forming,synthetic,True,True,True,SYN0015,0.8438,False
