repeat,TP,FN,TN,FP,n,sensitivity,specificity,precision,NPV,F1,accuracy,MCC
0,61,3,63,1,128,0.953125,0.984375,0.9838709677419355,0.9545454545454546,0.9682539682539683,0.96875,0.9379580992210836
1,60,4,64,0,128,0.9375,1.0,1.0,0.9411764705882353,0.967741935483871,0.96875,0.9393364366277243
2,61,3,63,1,128,0.953125,0.984375,0.9838709677419355,0.9545454545454546,0.9682539682539683,0.96875,0.9379580992210836
3,62,2,63,1,128,0.96875,0.984375,0.9841269841269841,0.9692307692307692,0.9763779527559054,0.9765625,0.9532413695749407
4,61,3,63,1,128,0.953125,0.984375,0.9838709677419355,0.9545454545454546,0.9682539682539683,0.96875,0.9379580992210836
5,60,4,63,1,128,0.9375,0.984375,0.9836065573770492,0.9402985074626866,0.96,0.9609375,0.9228894742324952
6,61,3,64,0,128,0.953125,1.0,1.0,0.9552238805970149,0.976,0.9765625,0.9541738631895289
7,61,3,63,1,128,0.953125,0.984375,0.9838709677419355,0.9545454545454546,0.9682539682539683,0.96875,0.9379580992210836
8,60,4,64,0,128,0.9375,1.0,1.0,0.9411764705882353,0.967741935483871,0.96875,0.9393364366277243
9,60,4,63,1,128,0.9375,0.984375,0.9836065573770492,0.9402985074626866,0.96,0.9609375,0.9228894742324952
10,61,3,63,1,128,0.953125,0.984375,0.9838709677419355,0.9545454545454546,0.9682539682539683,0.96875,0.9379580992210836
11,61,3,63,1,128,0.953125,0.984375,0.9838709677419355,0.9545454545454546,0.9682539682539683,0.96875,0.9379580992210836
12,61,3,64,0,128,0.953125,1.0,1.0,0.9552238805970149,0.976,0.9765625,0.9541738631895289
13,61,3,63,1,128,0.953125,0.984375,0.9838709677419355,0.9545454545454546,0.9682539682539683,0.96875,0.9379580992210836
14,60,4,63,1,128,0.9375,0.984375,0.9836065573770492,0.9402985074626866,0.96,0.9609375,0.9228894742324952
15,62,2,64,0,128,0.96875,1.0,1.0,0.9696969696969697,0.9841269841269841,0.984375,0.9692233691951198
16,61,3,63,1,128,0.953125,0.984375,0.9838709677419355,0.9545454545454546,0.9682539682539683,0.96875,0.9379580992210836
17,61,3,63,1,128,0.953125,0.984375,0.9838709677419355,0.9545454545454546,0.9682539682539683,0.96875,0.9379580992210836
18,61,3,63,1,128,0.953125,0.984375,0.9838709677419355,0.9545454545454546,0.9682539682539683,0.96875,0.9379580992210836
19,61,3,63,1,128,0.953125,0.984375,0.9838709677419355,0.9545454545454546,0.9682539682539683,0.96875,0.9379580992210836
