split_seed,sel_purity,sel_mismatch,sel_minrep,sel_maxspacer,sel_filters,sel_eval_MCC,sel_eval_sens,sel_eval_spec,default_eval_MCC,delta_MCC_sel_minus_default
20261923,0.85,0.1,8,10,at,0.9512,0.95,1.0,0.9512,0.0
20261924,0.85,0.15,8,5,at,0.9512,0.95,1.0,0.9512,0.0
20261925,0.85,0.1,8,10,at,0.9512,0.95,1.0,0.8511,0.1001
20261926,0.85,0.1,8,10,homopolymer,0.9045,0.9,1.0,0.9,0.0045
20261927,0.85,0.1,8,10,at,0.9045,0.9,1.0,0.9,0.0045
20261928,0.85,0.15,8,5,at,0.9045,0.9,1.0,0.9512,-0.0467
20261929,0.85,0.1,8,10,at,0.9045,0.9,1.0,0.8511,0.0535
20261930,0.85,0.15,8,5,homopolymer,0.9045,0.9,1.0,0.9045,0.0
20261931,0.85,0.15,8,10,at,0.9,0.95,0.95,0.9512,-0.0512
20261932,0.85,0.15,8,5,at,0.9045,0.9,1.0,0.9512,-0.0467
20261933,0.85,0.15,8,5,homopolymer,0.9045,0.9,1.0,0.9512,-0.0467
20261934,0.85,0.15,8,10,at,0.8511,0.9,0.95,0.9,-0.0489
20261935,0.85,0.15,8,10,homopolymer,0.9,0.95,0.95,1.0,-0.1
20261936,0.85,0.15,8,5,at,0.9045,0.9,1.0,0.8511,0.0535
20261937,0.85,0.15,8,5,at,0.9512,0.95,1.0,0.9045,0.0467
20261938,0.85,0.1,8,10,at,0.9512,0.95,1.0,0.8511,0.1001
20261939,0.85,0.1,8,10,homopolymer,0.9045,0.9,1.0,0.9,0.0045
20261940,0.85,0.1,8,10,at,0.9512,0.95,1.0,0.8511,0.1001
20261941,0.85,0.1,8,10,at,0.9045,0.9,1.0,0.9512,-0.0467
20261942,0.85,0.15,8,10,at,0.9512,1.0,0.95,0.9512,0.0
20261943,0.85,0.15,8,5,at,0.9512,0.95,1.0,0.9045,0.0467
20261944,0.85,0.1,8,10,at,0.9512,0.95,1.0,0.8511,0.1001
20261945,0.85,0.1,8,10,at,0.9045,0.9,1.0,0.8511,0.0535
20261946,0.85,0.1,8,10,at,0.9045,0.9,1.0,0.8511,0.0535
20261947,0.85,0.15,8,10,none,0.804,0.95,0.85,0.804,0.0
20261948,0.85,0.15,8,10,at,0.9,0.95,0.95,0.8511,0.0489
20261949,0.85,0.1,8,10,homopolymer,0.9512,0.95,1.0,0.9045,0.0467
20261950,0.85,0.1,8,10,at,0.9512,0.95,1.0,0.9,0.0512
20261951,0.85,0.1,8,10,at,0.9045,0.9,1.0,0.8511,0.0535
20261952,0.85,0.15,8,10,at,0.9,0.95,0.95,0.8511,0.0489
20261953,0.85,0.1,8,10,at,0.9512,0.95,1.0,0.9,0.0512
20261954,0.85,0.1,8,10,at,1.0,1.0,1.0,0.9045,0.0955
20261955,0.85,0.15,8,5,homopolymer,0.8597,0.85,1.0,0.9045,-0.0448
20261956,0.85,0.1,8,10,at,1.0,1.0,1.0,0.9045,0.0955
20261957,0.85,0.15,8,10,homopolymer,0.8511,0.9,0.95,0.9,-0.0489
20261958,0.85,0.1,8,10,at,0.9512,0.95,1.0,0.9,0.0512
20261959,0.85,0.15,8,10,none,0.804,0.95,0.85,0.804,0.0
20261960,0.85,0.15,8,5,at,0.9045,0.9,1.0,1.0,-0.0955
20261961,0.85,0.15,8,10,homopolymer,0.8511,0.9,0.95,0.9,-0.0489
20261962,0.85,0.15,8,10,at,0.9045,0.9,1.0,0.9,0.0045
20261963,0.85,0.15,8,10,homopolymer,0.9,0.95,0.95,0.8597,0.0403
20261964,0.85,0.1,8,10,at,1.0,1.0,1.0,0.8597,0.1403
20261965,0.85,0.15,8,10,homopolymer,0.9,0.95,0.95,0.9045,-0.0045
20261966,0.85,0.1,8,10,at,1.0,1.0,1.0,0.9045,0.0955
20261967,0.85,0.15,8,5,at,0.9045,0.9,1.0,0.8511,0.0535
20261968,0.85,0.15,8,5,at,0.8165,0.8,1.0,0.9,-0.0835
20261969,0.85,0.15,8,5,at,0.9512,0.95,1.0,0.9045,0.0467
20261970,0.85,0.1,8,10,homopolymer,0.9512,0.95,1.0,0.8597,0.0915
20261971,0.85,0.15,8,5,homopolymer,0.9045,0.9,1.0,0.9512,-0.0467
20261972,0.85,0.1,8,10,at,1.0,1.0,1.0,0.9512,0.0488
20261973,0.85,0.15,8,5,at,0.9512,0.95,1.0,0.9045,0.0467
20261974,0.85,0.15,8,10,at,0.9045,0.9,1.0,0.9512,-0.0467
20261975,0.85,0.15,8,5,at,0.9512,0.95,1.0,0.9045,0.0467
20261976,0.85,0.15,8,10,at,0.9045,0.9,1.0,0.9,0.0045
20261977,0.85,0.1,8,10,at,0.9512,0.95,1.0,0.9512,0.0
20261978,0.85,0.1,8,10,at,1.0,1.0,1.0,0.9512,0.0488
20261979,0.85,0.15,8,5,at,0.9045,0.9,1.0,0.9045,0.0
20261980,0.85,0.1,8,10,at,0.9045,0.9,1.0,0.9512,-0.0467
20261981,0.85,0.15,8,10,at,0.9045,0.9,1.0,0.804,0.1005
20261982,0.85,0.1,8,10,at,1.0,1.0,1.0,1.0,0.0
20261983,0.85,0.1,8,10,at,0.9512,0.95,1.0,0.8511,0.1001
20261984,0.85,0.15,8,10,at,0.9,0.95,0.95,0.9512,-0.0512
20261985,0.85,0.15,8,5,at,0.9045,0.9,1.0,1.0,-0.0955
20261986,0.85,0.15,8,10,at,0.9,0.95,0.95,0.9,0.0
20261987,0.85,0.1,8,10,at,0.9512,0.95,1.0,0.9,0.0512
20261988,0.85,0.15,8,10,at,0.9,0.95,0.95,0.9512,-0.0512
20261989,0.85,0.1,8,10,at,0.9512,0.95,1.0,0.9512,0.0
20261990,0.85,0.15,8,10,at,0.9,0.95,0.95,0.8511,0.0489
20261991,0.85,0.1,8,10,at,0.9512,0.95,1.0,0.9512,0.0
20261992,0.85,0.15,8,5,at,0.9045,0.9,1.0,0.9,0.0045
20261993,0.85,0.1,8,10,at,0.9045,0.9,1.0,0.9,0.0045
20261994,0.85,0.1,8,10,at,0.9045,0.9,1.0,0.8511,0.0535
20261995,0.85,0.1,8,10,at,0.9512,0.95,1.0,0.9045,0.0467
20261996,0.85,0.1,8,10,homopolymer,0.8597,0.85,1.0,0.8,0.0597
20261997,0.85,0.1,8,10,at,1.0,1.0,1.0,1.0,0.0
20261998,0.85,0.1,8,10,at,0.9512,0.95,1.0,0.9045,0.0467
20261999,0.85,0.1,8,10,at,0.9045,0.9,1.0,0.8,0.1045
20262000,0.85,0.15,8,5,at,0.9045,0.9,1.0,0.8511,0.0535
20262001,0.85,0.1,8,10,at,0.9045,0.9,1.0,0.9512,-0.0467
20262002,0.85,0.15,8,10,homopolymer,0.9045,0.9,1.0,0.9,0.0045
20262003,0.85,0.15,8,5,at,0.9045,0.9,1.0,0.9045,0.0
20262004,0.85,0.1,8,10,at,0.9045,0.9,1.0,0.8511,0.0535
20262005,0.85,0.15,8,10,at,0.9512,1.0,0.95,1.0,-0.0488
20262006,0.85,0.15,8,5,at,0.9045,0.9,1.0,0.8597,0.0448
20262007,0.85,0.1,8,10,at,0.8597,0.85,1.0,0.8511,0.0087
20262008,0.85,0.15,8,10,homopolymer,0.9045,0.9,1.0,0.9,0.0045
20262009,0.85,0.15,8,5,at,0.9512,0.95,1.0,0.9045,0.0467
20262010,0.85,0.15,8,5,at,0.9512,0.95,1.0,0.9512,0.0
20262011,0.85,0.1,8,10,at,0.9512,0.95,1.0,0.8511,0.1001
20262012,0.85,0.15,8,5,at,0.9045,0.9,1.0,0.9512,-0.0467
20262013,0.85,0.1,8,10,at,0.9512,0.95,1.0,0.8511,0.1001
20262014,0.85,0.1,8,10,at,0.9045,0.9,1.0,0.8511,0.0535
20262015,0.85,0.1,8,10,at,1.0,1.0,1.0,0.9045,0.0955
20262016,0.85,0.15,8,5,at,0.8165,0.8,1.0,0.8511,-0.0346
20262017,0.85,0.1,8,10,at,1.0,1.0,1.0,0.9512,0.0488
20262018,0.85,0.1,8,10,at,0.9512,0.95,1.0,0.9,0.0512
20262019,0.85,0.1,8,10,at,0.9512,0.95,1.0,0.9512,0.0
20262020,0.85,0.15,8,5,at,0.9512,0.95,1.0,0.9045,0.0467
20262021,0.85,0.1,8,10,at,0.9512,0.95,1.0,0.9512,0.0
20262022,0.85,0.15,8,5,at,0.9045,0.9,1.0,0.9512,-0.0467
20262023,0.85,0.15,8,5,homopolymer,0.9045,0.9,1.0,1.0,-0.0955
20262024,0.85,0.1,8,10,at,1.0,1.0,1.0,0.9045,0.0955
20262025,0.85,0.15,8,5,at,0.9512,0.95,1.0,0.8597,0.0915
20262026,0.85,0.15,8,5,at,0.9045,0.9,1.0,0.9512,-0.0467
20262027,0.85,0.15,8,5,at,0.9045,0.9,1.0,0.8597,0.0448
20262028,0.85,0.15,8,5,homopolymer,0.9045,0.9,1.0,1.0,-0.0955
20262029,0.85,0.1,8,10,at,0.9512,0.95,1.0,0.9512,0.0
20262030,0.85,0.1,8,10,homopolymer,0.9045,0.9,1.0,0.9,0.0045
20262031,0.85,0.15,8,5,at,0.8597,0.85,1.0,1.0,-0.1403
20262032,0.85,0.1,8,10,at,0.9512,0.95,1.0,0.9045,0.0467
20262033,0.85,0.15,8,10,at,0.9512,1.0,0.95,0.9512,0.0
20262034,0.85,0.15,8,10,homopolymer,0.9,0.95,0.95,0.9512,-0.0512
20262035,0.85,0.1,8,10,at,1.0,1.0,1.0,0.9512,0.0488
20262036,0.85,0.15,8,10,at,0.9045,0.9,1.0,0.9,0.0045
20262037,0.85,0.15,8,10,homopolymer,0.9,0.95,0.95,0.9512,-0.0512
20262038,0.85,0.1,8,10,homopolymer,0.9512,0.95,1.0,0.9045,0.0467
20262039,0.85,0.1,8,10,at,0.9512,0.95,1.0,0.9512,0.0
20262040,0.85,0.1,8,10,at,1.0,1.0,1.0,0.9512,0.0488
20262041,0.85,0.1,8,10,at,0.9512,0.95,1.0,0.9512,0.0
20262042,0.85,0.1,8,10,homopolymer,0.9045,0.9,1.0,0.9512,-0.0467
20262043,0.85,0.15,8,5,at,0.9512,0.95,1.0,0.9512,0.0
20262044,0.85,0.1,8,10,at,0.9045,0.9,1.0,0.9512,-0.0467
20262045,0.85,0.15,8,5,at,0.8597,0.85,1.0,0.9512,-0.0915
20262046,0.85,0.15,8,10,at,0.8511,0.9,0.95,0.8511,0.0
20262047,0.85,0.15,8,5,homopolymer,0.8165,0.8,1.0,0.9,-0.0835
20262048,0.85,0.1,8,10,at,0.9512,0.95,1.0,0.9,0.0512
20262049,0.85,0.1,8,10,homopolymer,0.8597,0.85,1.0,0.9045,-0.0448
20262050,0.85,0.15,8,10,homopolymer,0.9045,0.9,1.0,0.9512,-0.0467
20262051,0.85,0.1,8,10,at,1.0,1.0,1.0,0.8597,0.1403
20262052,0.85,0.1,8,10,at,0.9512,0.95,1.0,0.9512,0.0
20262053,0.85,0.15,8,5,at,0.9045,0.9,1.0,1.0,-0.0955
20262054,0.85,0.1,8,10,at,0.9512,0.95,1.0,0.8511,0.1001
20262055,0.85,0.15,8,10,at,0.9045,0.9,1.0,0.9512,-0.0467
20262056,0.85,0.1,8,10,at,0.9045,0.9,1.0,0.9,0.0045
20262057,0.85,0.1,8,10,homopolymer,0.9512,0.95,1.0,0.9512,0.0
20262058,0.85,0.15,8,10,homopolymer,0.9,0.95,0.95,0.9512,-0.0512
20262059,0.85,0.15,8,10,at,0.9045,0.9,1.0,0.9,0.0045
20262060,0.85,0.15,8,5,at,0.8165,0.8,1.0,0.9512,-0.1347
20262061,0.85,0.15,8,10,none,0.804,0.95,0.85,0.804,0.0
20262062,0.85,0.15,8,10,at,0.9512,1.0,0.95,0.9045,0.0467
20262063,0.85,0.15,8,10,at,0.9045,0.9,1.0,0.8511,0.0535
20262064,0.85,0.1,8,10,at,0.9045,0.9,1.0,0.8511,0.0535
20262065,0.85,0.1,8,10,at,0.9512,0.95,1.0,0.8511,0.1001
20262066,0.85,0.15,8,10,none,0.804,0.95,0.85,0.804,0.0
20262067,0.85,0.15,8,10,homopolymer,0.9,0.95,0.95,0.9512,-0.0512
20262068,0.85,0.15,8,10,at,0.9045,0.9,1.0,0.9,0.0045
20262069,0.85,0.15,8,5,at,0.9045,0.9,1.0,0.9045,0.0
20262070,0.85,0.1,8,10,at,1.0,1.0,1.0,0.9045,0.0955
20262071,0.85,0.1,8,10,at,1.0,1.0,1.0,1.0,0.0
20262072,0.85,0.1,8,10,at,0.9045,0.9,1.0,0.8511,0.0535
20262073,0.85,0.15,8,5,at,0.9512,0.95,1.0,0.9045,0.0467
20262074,0.85,0.15,8,10,at,0.9,0.95,0.95,0.9,0.0
20262075,0.85,0.1,8,10,at,0.9045,0.9,1.0,0.9512,-0.0467
20262076,0.85,0.15,8,10,at,0.9512,1.0,0.95,1.0,-0.0488
20262077,0.85,0.15,8,10,homopolymer,0.8511,0.9,0.95,0.9,-0.0489
20262078,0.85,0.1,8,10,homopolymer,0.9512,0.95,1.0,0.9045,0.0467
20262079,0.85,0.15,8,10,at,0.9,0.95,0.95,0.9512,-0.0512
20262080,0.85,0.1,8,10,at,0.9512,0.95,1.0,0.9,0.0512
20262081,0.85,0.1,8,10,homopolymer,0.9512,0.95,1.0,0.9512,0.0
20262082,0.85,0.15,8,10,homopolymer,0.9045,0.9,1.0,0.8511,0.0535
20262083,0.85,0.15,8,10,at,0.8511,0.9,0.95,0.804,0.047
20262084,0.85,0.15,8,5,homopolymer,0.9045,0.9,1.0,0.9045,0.0
20262085,0.85,0.15,8,5,at,0.9512,0.95,1.0,0.9512,0.0
20262086,0.85,0.1,8,10,at,0.8597,0.85,1.0,0.8,0.0597
20262087,0.85,0.1,8,10,at,0.9512,0.95,1.0,0.9512,0.0
20262088,0.85,0.15,8,10,at,0.9045,0.9,1.0,0.8511,0.0535
20262089,0.85,0.15,8,10,homopolymer,0.8511,0.9,0.95,0.9512,-0.1001
20262090,0.85,0.1,8,10,at,0.9045,0.9,1.0,0.8511,0.0535
20262091,0.85,0.15,8,5,homopolymer,0.8597,0.85,1.0,0.9512,-0.0915
20262092,0.85,0.1,8,10,at,0.9045,0.9,1.0,0.8511,0.0535
20262093,0.85,0.1,8,10,homopolymer,0.9045,0.9,1.0,0.9512,-0.0467
20262094,0.85,0.1,8,10,at,0.8597,0.85,1.0,0.8,0.0597
20262095,0.85,0.1,8,10,at,0.9045,0.9,1.0,0.9512,-0.0467
20262096,0.85,0.15,8,5,at,0.9045,0.9,1.0,0.9045,0.0
20262097,0.85,0.15,8,10,at,0.9,0.95,0.95,0.9045,-0.0045
20262098,0.85,0.15,8,10,at,0.8511,0.9,0.95,0.8511,0.0
20262099,0.85,0.1,8,10,at,0.9045,0.9,1.0,0.9,0.0045
20262100,0.85,0.15,8,5,at,0.9045,0.9,1.0,0.9045,0.0
20262101,0.85,0.15,8,5,at,0.8165,0.8,1.0,0.9,-0.0835
20262102,0.85,0.15,8,5,at,0.9045,0.9,1.0,0.8511,0.0535
20262103,0.85,0.15,8,10,homopolymer,0.9,0.95,0.95,0.9512,-0.0512
20262104,0.85,0.1,8,10,at,0.9512,0.95,1.0,0.9512,0.0
20262105,0.85,0.15,8,10,at,0.9512,1.0,0.95,0.9512,0.0
20262106,0.85,0.1,8,10,at,0.9512,0.95,1.0,0.9512,0.0
20262107,0.85,0.1,8,10,at,1.0,1.0,1.0,0.9045,0.0955
20262108,0.85,0.15,8,10,at,0.9512,1.0,0.95,0.9512,0.0
20262109,0.85,0.15,8,10,at,0.9,0.95,0.95,0.9512,-0.0512
20262110,0.85,0.1,8,10,at,0.9045,0.9,1.0,0.9,0.0045
20262111,0.85,0.1,8,10,at,0.9512,0.95,1.0,0.9,0.0512
20262112,0.85,0.15,8,10,at,0.9512,1.0,0.95,0.9512,0.0
20262113,0.85,0.1,8,10,at,0.9512,0.95,1.0,0.8511,0.1001
20262114,0.85,0.1,8,10,at,0.9512,0.95,1.0,0.9,0.0512
20262115,0.85,0.15,8,5,at,0.9045,0.9,1.0,0.9,0.0045
20262116,0.85,0.15,8,5,at,0.8597,0.85,1.0,0.9045,-0.0448
20262117,0.85,0.15,8,10,homopolymer,0.9,0.95,0.95,1.0,-0.1
20262118,0.85,0.15,8,5,at,0.9045,0.9,1.0,0.9512,-0.0467
20262119,0.85,0.1,8,10,at,1.0,1.0,1.0,0.9512,0.0488
20262120,0.85,0.15,8,5,at,0.9045,0.9,1.0,1.0,-0.0955
20262121,0.85,0.15,8,5,homopolymer,0.9045,0.9,1.0,0.9512,-0.0467
20262122,0.85,0.15,8,5,homopolymer,0.9045,0.9,1.0,0.9045,0.0
