chunk_id,method,lost_raw_hits,lost_final_hits,extra_raw_hits,extra_final_hits,changed_best_score_count,changed_best_arm_spacer_count,runtime_speedup_vs_original,inner_iter_reduction_vs_original,sequence_id,sequence_class,sequence_length,planted_detected
balanced_random_20000,fast_gated_fast_2x,0,0,0,0,0,0,16.552650839250955,0.9742402182090136,balanced_random_20000,balanced_random,20000,
balanced_random_20000,fast_gated_fast_4x,0,0,0,0,0,0,6.719754966374987,0.9111095393504998,balanced_random_20000,balanced_random,20000,
balanced_random_20000,fast_gated_fast_8x,0,0,0,0,0,0,2.3749617340180436,0.7052203947880479,balanced_random_20000,balanced_random,20000,
balanced_random_20000,fast_gated_fast_16x,0,0,0,0,0,0,0.8826427586036583,0.1334244508866237,balanced_random_20000,balanced_random,20000,
ga_rich_random_20000,fast_gated_fast_2x,0,0,0,0,0,0,4.3846080102014096,0.8178636130403998,ga_rich_random_20000,ga_rich_random,20000,
ga_rich_random_20000,fast_gated_fast_4x,0,0,0,0,0,0,2.263626366420379,0.5946654043428143,ga_rich_random_20000,ga_rich_random,20000,
ga_rich_random_20000,fast_gated_fast_8x,0,0,0,0,0,0,1.2047266129834848,0.16653043645387766,ga_rich_random_20000,ga_rich_random,20000,
ga_rich_random_20000,fast_gated_fast_16x,0,0,0,0,0,0,0.6548749806130945,-0.6315616162419526,ga_rich_random_20000,ga_rich_random,20000,
ct_rich_random_20000,fast_gated_fast_2x,0,0,0,0,0,0,4.3676931854318575,0.8191940504966322,ct_rich_random_20000,ct_rich_random,20000,
ct_rich_random_20000,fast_gated_fast_4x,0,0,0,0,0,0,2.155397133960688,0.6063103075643308,ct_rich_random_20000,ct_rich_random,20000,
ct_rich_random_20000,fast_gated_fast_8x,0,0,0,0,0,0,1.236724676921381,0.18768305090295467,ct_rich_random_20000,ct_rich_random,20000,
ct_rich_random_20000,fast_gated_fast_16x,0,0,0,0,0,0,0.6760790664150783,-0.6076466830733853,ct_rich_random_20000,ct_rich_random,20000,
pure_gaa_repeat_20000,fast_gated_fast_2x,0,0,0,0,0,0,1.2662978775605918,0.2002079409212132,pure_gaa_repeat_20000,pure_gaa_repeat,20000,
pure_gaa_repeat_20000,fast_gated_fast_4x,0,0,0,0,0,0,1.2411828981880342,0.16830984724633746,pure_gaa_repeat_20000,pure_gaa_repeat,20000,
pure_gaa_repeat_20000,fast_gated_fast_8x,0,0,0,0,0,0,1.1742472927990804,0.10470567249959495,pure_gaa_repeat_20000,pure_gaa_repeat,20000,
pure_gaa_repeat_20000,fast_gated_fast_16x,0,0,0,0,0,0,1.038938276952657,-0.021734626581853878,pure_gaa_repeat_20000,pure_gaa_repeat,20000,
pure_ttc_repeat_20000,fast_gated_fast_2x,0,0,0,0,0,0,1.2205643714996905,0.20020783182314328,pure_ttc_repeat_20000,pure_ttc_repeat,20000,
pure_ttc_repeat_20000,fast_gated_fast_4x,0,0,0,0,0,0,1.1991737349447196,0.16830973814826755,pure_ttc_repeat_20000,pure_ttc_repeat,20000,
pure_ttc_repeat_20000,fast_gated_fast_8x,0,0,0,0,0,0,1.1303906622884936,0.10470556340152504,pure_ttc_repeat_20000,pure_ttc_repeat,20000,
pure_ttc_repeat_20000,fast_gated_fast_16x,0,0,0,0,0,0,1.031828785079165,-0.02173473567992379,pure_ttc_repeat_20000,pure_ttc_repeat,20000,
noisy_gaa_repeat_5pct_20000,fast_gated_fast_2x,2348,0,0,0,0,0,1.3284921237066538,0.21360288420256046,noisy_gaa_repeat_5pct_20000,noisy_gaa_repeat_5pct,20000,
noisy_gaa_repeat_5pct_20000,fast_gated_fast_4x,7,0,0,0,0,0,1.2380889947624574,0.15248717753071328,noisy_gaa_repeat_5pct_20000,noisy_gaa_repeat_5pct,20000,
noisy_gaa_repeat_5pct_20000,fast_gated_fast_8x,0,0,0,0,0,0,1.1524517947921462,0.08766397073388832,noisy_gaa_repeat_5pct_20000,noisy_gaa_repeat_5pct,20000,
noisy_gaa_repeat_5pct_20000,fast_gated_fast_16x,0,0,0,0,0,0,0.9872781124783351,-0.04100062814693084,noisy_gaa_repeat_5pct_20000,noisy_gaa_repeat_5pct,20000,
noisy_ttc_repeat_5pct_20000,fast_gated_fast_2x,2371,0,0,0,0,0,1.3736406696837677,0.21354609728066498,noisy_ttc_repeat_5pct_20000,noisy_ttc_repeat_5pct,20000,
noisy_ttc_repeat_5pct_20000,fast_gated_fast_4x,54,0,0,0,0,0,1.2884947096724577,0.15407272850175435,noisy_ttc_repeat_5pct_20000,noisy_ttc_repeat_5pct,20000,
noisy_ttc_repeat_5pct_20000,fast_gated_fast_8x,0,0,0,0,0,0,1.1832601207584292,0.08877851011745153,noisy_ttc_repeat_5pct_20000,noisy_ttc_repeat_5pct,20000,
noisy_ttc_repeat_5pct_20000,fast_gated_fast_16x,0,0,0,0,0,0,1.0442425610759696,-0.039734661151964,noisy_ttc_repeat_5pct_20000,noisy_ttc_repeat_5pct,20000,
planted_balanced_20000,fast_gated_fast_2x,0,0,0,0,0,0,15.696685177973693,0.9717783401491878,planted_balanced_20000,planted_balanced,20000,True
planted_balanced_20000,fast_gated_fast_4x,0,0,0,0,0,0,6.542951821169959,0.9065919816961151,planted_balanced_20000,planted_balanced,20000,True
planted_balanced_20000,fast_gated_fast_8x,0,0,0,0,0,0,2.3392372800783794,0.6997448946314546,planted_balanced_20000,planted_balanced,20000,True
planted_balanced_20000,fast_gated_fast_16x,0,0,0,0,0,0,0.756528905112191,0.095449751281098,planted_balanced_20000,planted_balanced,20000,True
planted_ga_rich_20000,fast_gated_fast_2x,0,0,0,0,0,0,5.31412249117573,0.821152978236429,planted_ga_rich_20000,planted_ga_rich,20000,True
planted_ga_rich_20000,fast_gated_fast_4x,0,0,0,0,0,0,2.420925592868804,0.6006559391661099,planted_ga_rich_20000,planted_ga_rich,20000,True
planted_ga_rich_20000,fast_gated_fast_8x,0,0,0,0,0,0,1.3384801170580019,0.16879488686216582,planted_ga_rich_20000,planted_ga_rich,20000,True
planted_ga_rich_20000,fast_gated_fast_16x,0,0,0,0,0,0,0.7221457762035524,-0.6248459162782711,planted_ga_rich_20000,planted_ga_rich,20000,True
balanced_random_100000,fast_gated_fast_2x,0,0,0,0,0,0,17.175776513711046,0.9755571274537874,balanced_random_100000,balanced_random,100000,
balanced_random_100000,fast_gated_fast_4x,0,0,0,0,0,0,6.986633995989324,0.9150571646729944,balanced_random_100000,balanced_random,100000,
balanced_random_100000,fast_gated_fast_8x,0,0,0,0,0,0,2.4515283369609002,0.7146684747477077,balanced_random_100000,balanced_random,100000,
balanced_random_100000,fast_gated_fast_16x,0,0,0,0,0,0,0.8816415005151256,0.14182090150083582,balanced_random_100000,balanced_random,100000,
ga_rich_random_100000,fast_gated_fast_2x,0,0,0,0,0,0,4.330364137273819,0.817142155151756,ga_rich_random_100000,ga_rich_random,100000,
ga_rich_random_100000,fast_gated_fast_4x,0,0,0,0,0,0,2.2322223909567622,0.5982174709589954,ga_rich_random_100000,ga_rich_random,100000,
ga_rich_random_100000,fast_gated_fast_8x,0,0,0,0,0,0,1.4147208407604144,0.1686241299033544,ga_rich_random_100000,ga_rich_random,100000,
ga_rich_random_100000,fast_gated_fast_16x,0,0,0,0,0,0,0.840256312386299,-0.641809270994405,ga_rich_random_100000,ga_rich_random,100000,
ct_rich_random_100000,fast_gated_fast_2x,0,0,0,0,0,0,4.375664934048147,0.8172480507898515,ct_rich_random_100000,ct_rich_random,100000,
ct_rich_random_100000,fast_gated_fast_4x,0,0,0,0,0,0,2.3211878216326234,0.5949601967637999,ct_rich_random_100000,ct_rich_random,100000,
ct_rich_random_100000,fast_gated_fast_8x,0,0,0,0,0,0,1.2411830419052736,0.16549606331213418,ct_rich_random_100000,ct_rich_random,100000,
ct_rich_random_100000,fast_gated_fast_16x,0,0,0,0,0,0,0.6818334837918005,-0.6543441785350776,ct_rich_random_100000,ct_rich_random,100000,
pure_gaa_repeat_100000,fast_gated_fast_2x,0,0,0,0,0,0,1.246935520687872,0.19510927679476409,pure_gaa_repeat_100000,pure_gaa_repeat,100000,
pure_gaa_repeat_100000,fast_gated_fast_4x,0,0,0,0,0,0,1.218356102916436,0.1641701248809021,pure_gaa_repeat_100000,pure_gaa_repeat,100000,
pure_gaa_repeat_100000,fast_gated_fast_8x,0,0,0,0,0,0,1.1312012492383547,0.10232897640373917,pure_gaa_repeat_100000,pure_gaa_repeat,100000,
pure_gaa_repeat_100000,fast_gated_fast_16x,0,0,0,0,0,0,0.9937624227270775,-0.021204720256939202,pure_gaa_repeat_100000,pure_gaa_repeat,100000,
pure_ttc_repeat_100000,fast_gated_fast_2x,0,0,0,0,0,0,1.2323334234686845,0.1951092484782745,pure_ttc_repeat_100000,pure_ttc_repeat,100000,
pure_ttc_repeat_100000,fast_gated_fast_4x,0,0,0,0,0,0,1.1963630164072057,0.1641700984793475,pure_ttc_repeat_100000,pure_ttc_repeat,100000,
pure_ttc_repeat_100000,fast_gated_fast_8x,0,0,0,0,0,0,1.1233365795822112,0.102328947499711,pure_ttc_repeat_100000,pure_ttc_repeat,100000,
pure_ttc_repeat_100000,fast_gated_fast_16x,0,0,0,0,0,0,1.013183514897466,-0.021204747832394677,pure_ttc_repeat_100000,pure_ttc_repeat,100000,
noisy_gaa_repeat_5pct_100000,fast_gated_fast_2x,9182,0,0,0,0,0,1.3054404844776493,0.20279674939446468,noisy_gaa_repeat_5pct_100000,noisy_gaa_repeat_5pct,100000,
noisy_gaa_repeat_5pct_100000,fast_gated_fast_4x,74,0,0,0,0,0,1.2186691923901773,0.14731866371819224,noisy_gaa_repeat_5pct_100000,noisy_gaa_repeat_5pct,100000,
noisy_gaa_repeat_5pct_100000,fast_gated_fast_8x,0,0,0,0,0,0,1.1353443701519168,0.08399771676243395,noisy_gaa_repeat_5pct_100000,noisy_gaa_repeat_5pct,100000,
noisy_gaa_repeat_5pct_100000,fast_gated_fast_16x,0,0,0,0,0,0,1.0017898732152029,-0.0418956995779709,noisy_gaa_repeat_5pct_100000,noisy_gaa_repeat_5pct,100000,
noisy_ttc_repeat_5pct_100000,fast_gated_fast_2x,10244,4,0,4,0,0,1.3194124472874085,0.20384443897919546,noisy_ttc_repeat_5pct_100000,noisy_ttc_repeat_5pct,100000,
noisy_ttc_repeat_5pct_100000,fast_gated_fast_4x,47,0,0,0,0,0,1.2305137867597118,0.1453473892489271,noisy_ttc_repeat_5pct_100000,noisy_ttc_repeat_5pct,100000,
noisy_ttc_repeat_5pct_100000,fast_gated_fast_8x,0,0,0,0,0,0,1.145394930111013,0.08200094390988322,noisy_ttc_repeat_5pct_100000,noisy_ttc_repeat_5pct,100000,
noisy_ttc_repeat_5pct_100000,fast_gated_fast_16x,0,0,0,0,0,0,1.019797883719876,-0.04416299238546317,noisy_ttc_repeat_5pct_100000,noisy_ttc_repeat_5pct,100000,
planted_balanced_100000,fast_gated_fast_2x,0,0,0,0,0,0,15.824633591650889,0.9747828489009521,planted_balanced_100000,planted_balanced,100000,True
planted_balanced_100000,fast_gated_fast_4x,0,0,0,0,0,0,6.702308780111668,0.9124367754013248,planted_balanced_100000,planted_balanced,100000,True
planted_balanced_100000,fast_gated_fast_8x,0,0,0,0,0,0,2.3778563382853677,0.7081457435241745,planted_balanced_100000,planted_balanced,100000,True
planted_balanced_100000,fast_gated_fast_16x,0,0,0,0,0,0,0.8794010723545252,0.12968586513499714,planted_balanced_100000,planted_balanced,100000,True
planted_ga_rich_100000,fast_gated_fast_2x,0,0,0,0,0,0,4.379408750401347,0.8177872221203579,planted_ga_rich_100000,planted_ga_rich,100000,True
planted_ga_rich_100000,fast_gated_fast_4x,0,0,0,0,0,0,2.2703314282031157,0.594221005061702,planted_ga_rich_100000,planted_ga_rich,100000,True
planted_ga_rich_100000,fast_gated_fast_8x,0,0,0,0,0,0,1.1967594238599968,0.1588012228880763,planted_ga_rich_100000,planted_ga_rich,100000,True
planted_ga_rich_100000,fast_gated_fast_16x,0,0,0,0,0,0,0.6478796763496261,-0.6605503941613,planted_ga_rich_100000,planted_ga_rich,100000,True
